,entry,last_name,first_name,title,publisher,price,format,original_entry,author_name,creators,is_editor,date,catalogue_year,is_net
47,"58. net Acts, 1913-Cambrian Railways, is. 3d. ; Colne Corporation, is. 9d. ; Derby Corporation, 4s. 3d. ; Dover Harbour, s.; Dunferm- line District water, 3s. 6d.; Education Board provisional orders confirmation (Cardigan, &c.), 1s. ; ditto (London, No. I), is. 3d.; ditto (London, No. 2), 6d.; ditto (London, No. 3), is.; Electric lighting orders confirmation (No. 1), 28. 6d. ; ditto (No. 2), 28. 6d.; ditto (No. 3), 1s. ; ditto (No. 4), 2s. 3d.; ditto (No. 5), 1s. 3d. ; ditto (No. 6), 3d.; ditto (No. 7), is. ; Gas orders confirmation 3s. 9d.; Gas and water orders confirmation (No. 1), 2s. 6d.; ditto (No. 2), 3s. 6d.; Great Haywood and Tompkin Congregational Chapels, 6d.; Harrow and Stanmore gas, 2s. ; Hatfield (York, West Riding) Calvinistic Chapel, 3d. ; Herne Bay gas and electricity, 1s.; Hove Corporation, 2s. 9d.; Hulme Trust' Estates scheme, 3d.; 1sle of Wight Central Railway (Godshill Transfer), 2s. 3d.; Kent electric power, 9d.; Kingswood Chapel scheme, 3d. WYMAN, Oct. 13",,,,WYMAN,3d.,,"58. net Acts, 1913-Cambrian Railways, is. 3d. ; Colne Corporation, is. 9d. ; Derby Corporation, 45. 3d. ; Dover Harbour, IS.; Dunferm- line District water, 3S. 6d.; Education Board provisional orders confirmation (Cardigan, &c.), Is. ; ditto (London, No. I), is. 3d.; ditto (London, No. 2), 6d.; ditto (London, No. 3), is.; Electric lighting orders confirmation (No. 1), 28. 6d. ; ditto (No. 2), 28. 6d.; ditto (No. 3), Is. ; ditto (No. 4), 25. 3d.; ditto (No. 5), Is. 3d. ; ditto (No. 6), 3d.; ditto (No. 7), is. ; Gas orders confirmation 3s. 9d.; Gas and water orders confirmation (No. 1), 25. 6d.; ditto (No. 2), 35. 6d.; Great Haywood and Tompkin Congregational Chapels, 6d.; Harrow and Stanmore gas, 25. ; Hatfield (York, West Riding) Calvinistic Chapel, 3d. ; Herne Bay gas and electricity, Is.; Hove Corporation, 25. 9d.; Hulme Trust' Estates scheme, 3d.; Isle of Wight Central Railway (Godshill Transfer), 25. 3d.; Kent electric power, 9d.; Kingswood Chapel scheme, 3d. WYMAN, Oct. 13",,,,Oct. 13,1913,
85,"Administration, Prussian, James (H. G.) 6s. 6d. net Administration, Public, in England, Reid (G. T.) s. 6d..... Admiralty-First aid in the Royal Navy, gd. WYMAN, July 13","Administration, Prussian, James",H. G.,,WYMAN,,,"Administration, Prussian, James (H. G.) 6s. 6d. net Administration, Public, in England, Reid (G. T.) IS. 6d..... Admiralty-First aid in the Royal Navy, gd. WYMAN, July 13","H. G. Administration, Prussian, James","['Administration, Prussian, James (H. G.)']",,July 13,1913,
137,"8 d. WYMAN, Mar. 13",,,,WYMAN,,,"8 d. WYMAN, Mar. 13",,,,Mar. 13,1913,
152,"Agricultural statistics (Ireland) 1912---Detailed report, 1912. gd. .. WYMAN, Sep. 13",Agricultural statistics,Ireland,,WYMAN,,,"Agricultural statistics (Ireland) 1912---Detailed report, 1912. gd. .. WYMAN, Sep. 13",Ireland Agricultural statistics,['Agricultural statistics (Ireland)'],,Sep. 13,1913,
153,"Agricultural statistics (Ireland) 1912-Report and tables relating to Irish agricultural labourers, 2}d. .. WYMAN, Aug. 13",Agricultural statistics,Ireland,,WYMAN,,,"Agricultural statistics (Ireland) 1912-Report and tables relating to Irish agricultural labourers, 2}d. .. WYMAN, Aug. 13",Ireland Agricultural statistics,['Agricultural statistics (Ireland)'],,Aug. 13,1913,
396,"is. id. (post free) . WYMAN, Apr. 13",,,,WYMAN,,,"is. id. (post free) . WYMAN, Apr. 13",,,,Apr. 13,1913,
427,"Army-Remount manual (war). 20. WYMAN, Nov. 13",Army-Remount manual,war,,WYMAN,,,"Army-Remount manual (war). 20. WYMAN, Nov. 13",war Army-Remount manual,['Army-Remount manual (war)'],,Nov. 13,1913,
693,". LYNWOOD, Oct. 13",,,,LYNWOOD,,,". LYNWOOD, Oct. 13",,,,Oct. 13,1913,
713,"Baroque architecture, Briggs (M. S.) 21s, net Barr (Amelia E.)-All the days of my life : the red leaves of a human heart. Illus. 8vo. 9 X6, pp. 540, 12s, 6d. net.. . . APPLETON, Oct. 13","Baroque architecture, Briggs",M. S.,,APPLETON,12s. 6d.,8vo.,"Baroque architecture, Briggs (M. S.) 21s, net Barr (Amelia E.)-All the days of my life : the red leaves of a human heart. Illus. 8vo. 9 X6, pp. 540, 12s, 6d. net.. . . APPLETON, Oct. 13","M. S. Baroque architecture, Briggs","['Baroque architecture, Briggs (M. S.)']",,Oct. 13,1913,net
746,"Bartlett (A. Cecil)-Gardening. 12mo6d. net (People's books) . JACK, Apr. 13",,,,JACK,,,"Bartlett (A. Cecil)-Gardening. I2mo6d. net (People's books) . JACK, Apr. 13",,"[""Bartlett (A. Cecil)-Gardening. 12mo6d. net (People's books)""]",,Apr. 13,1913,
754,"8vo. 8.1 x 54, 6s. .STANFORD, Apr. 13",,,,STANFORD,6s.,,"8vo. 8.1 x 54, 6s. .STANFORD, Apr. 13",,,,Apr. 13,1913,
786,"Bayeux tapestry, Fowke (F. R.) 5s. Bayley (R. Child)-Photographic enlarging : handbook for amateur photographers. 2nd edit., rev. 8vo., pp. 166, 1s. 6d. net ILIFFE, Nov. 13","Bayeux tapestry, Fowke",F. R.,,ILIFFE,1s. 6d.,8vo.,"Bayeux tapestry, Fowke (F. R.) 55. Bayley (R. Child)-Photographic enlarging : handbook for amateur photographers. 2nd edit., rev. 8vo., pp. 166, Is. 6d. net ILIFFE, Nov. 13","F. R. Bayeux tapestry, Fowke","['Bayeux tapestry, Fowke (F. R.)']",,Nov. 13,1913,net
808,"Because, Yardley (M. H.) 6s. Because of Jane, Buckrose (J. E.) 6s. Beck (Christopher) The Crimson aeroplane. Cr. 8vo. 8 X 5, pp. 256, 2s. 6d. (The Scout library) PEARSON, Sep. 13","Because, Yardley",M. H.,,PEARSON,2s. 6d.,8vo.,"Because, Yardley (M. H.) 6s. Because of Jane, Buckrose (J. E.) 6s. Beck (Christopher) The Crimson aeroplane. Cr. 8vo. 8 X 5, pp. 256, 25. 6d. (The Scout library) PEARSON, Sep. 13","M. H. Because, Yardley","['Because, Yardley (M. H.)']",,Sep. 13,1913,
861,"3s. 6d. net . SMITH, E., Apr. 13",,,,"SMITH, E.",3s. 6d.,,"3s. 6d. net . SMITH, E., Apr. 13",,,,Apr. 13,1913,net
864,"Cr. 8vo., pp. 96, is. (The Oval ser.) Beneath the Southern Cross, Woollcombe (H. S.) ROUTLEDGE, Apr. 13",,,,ROUTLEDGE,,8vo.,"Cr. 8vo., pp. 96, is. (The Oval ser.) Beneath the Southern Cross, Woollcombe (H. S.) ROUTLEDGE, Apr. 13",,,,Apr. 13,1913,
866,"74 X 5, pp. 184, 28. net (Great musicians) LOW, Aug. 13",,,,LOW,,,"74 X 5, pp. 184, 28. net (Great musicians) LOW, Aug. 13",,,,Aug. 13,1913,
869,"HEINEMANN, Mar. 13",,,,HEINEMANN,,,"HEINEMANN, Mar. 13",,,,Mar. 13,1913,
870,"NELSON, Sep. 13",,,,NELSON,,,"NELSON, Sep. 13",,,,Sep. 13,1913,
873,"E. ARNOLD, Oct. 13",,,,E. ARNOLD,,,"E. ARNOLD, Oct. 13",,,,Oct. 13,1913,
875,"73 X43, pp. 320, 6s. . . . . HEINEMANN, Feb. 13",,,,HEINEMANN,6s.,,"73 X43, pp. 320, 6s. . . . . HEINEMANN, Feb. 13",,,,Feb. 13,1913,
879,"8vo., pp. 234, 28. net. (Expositor's library, re-issue) .. HODDER & S., July 13",,,,HODDER & S.,,,"8vo., pp. 234, 28. net. (Expositor's library, re-issue) .. HODDER & S., July 13",,,,July 13,1913,
884,"HUTCHINSON, June 13",,,,HUTCHINSON,,,"HUTCHINSON, June 13",,,,June 13,1913,
886,"LONGMANS, Mar. 13",,,,LONGMANS,,,"LONGMANS, Mar. 13",,,,Mar. 13,1913,
889,"Cr. 8vo., swd. 6d. .CHATTO, Jan. 13",,,,CHATTO,6d.,8vo.,"Cr. 8vo., swd. 6d. .CHATTO, Jan. 13",,,,Jan. 13,1913,
890,"swd. net.... .LONGMANS, Oct. 13",,,,LONGMANS,,,"swd. net.... .LONGMANS, Oct. 13",,,,Oct. 13,1913,
892,"LONGMANS, Oct. 13",,,,LONGMANS,,,"LONGMANS, Oct. 13",,,,Oct. 13,1913,
895,"78 x 5, pp. 56, 2s. 6d. net E. MACDONALD, Sep. 13",,,,E. MACDONALD,2s. 6d.,,"78 x 5, pp. 56, 25. 6d. net E. MACDONALD, Sep. 13",,,,Sep. 13,1913,net
898,"HUTCHINSON, Oct. 13",,,,HUTCHINSON,,,"HUTCHINSON, Oct. 13",,,,Oct. 13,1913,
900,"HUTCHINSON, Oct. 13",,,,HUTCHINSON,,,"HUTCHINSON, Oct. 13",,,,Oct. 13,1913,
902,"HUTCHINSON, Oct. 13",,,,HUTCHINSON,,,"HUTCHINSON, Oct. 13",,,,Oct. 13,1913,
924,"Bettesworth, Lucy, Bourne (G.) 6s. Bettlerin vom Pont des Arts, Hauff (W.) is. net Beringer (C. and J. J.)-A Text-book of assaying : for the use of those connected with mines. 13th edit., rev. Cr. 8vo. 73 x 55, pp. 476, 1os. 6d. C. GRIFFIN, Aug. 13","Bettesworth, Lucy, Bourne",G.,,C. GRIFFIN,6d.,8vo.,"Bettesworth, Lucy, Bourne (G.) 6s. Bettlerin vom Pont des Arts, Hauff (W.) is. net Beringer (C. and J. J.)-A Text-book of assaying : for the use of those connected with mines. 13th edit., rev. Cr. 8vo. 73 x 55, pp. 476, 1os. 6d. C. GRIFFIN, Aug. 13","G. Bettesworth, Lucy, Bourne","['Bettesworth, Lucy, Bourne (G.)']",,Aug. 13,1913,
974,"Bills—Temperance Bill (Scotland) Amendments, WYMAN, Jan. 13",,,,WYMAN,,,"Bills—Temperance Bill (Scotland) Amendments, WYMAN, Jan. 13",,,,Jan. 13,1913,
980,"a HODDER & FROWDE, Jan. 13",,,,HODDER & FROWDE,,,"a HODDER & FROWDE, Jan. 13",,,,Jan. 13,1913,
987,"Bills-Pilotage : Lords' amendments, id. ; Rail- ways : Lords' amendments, id. ; Temperance (Scotland): Lords' amendments, id. ; Trade Unions : Lords' amendments, id.; Pilotage Commons' reason for disagreeing to one of the Lords' amendments, id. (post free) WYMAN, Mar. 13",,,,WYMAN,,,"Bills-Pilotage : Lords' amendments, id. ; Rail- ways : Lords' amendments, id. ; Temperance (Scotland): Lords' amendments, id. ; Trade Unions : Lords' amendments, id.; Pilotage Commons' reason for disagreeing to one of the Lords' amendments, id. (post free) WYMAN, Mar. 13",,,,Mar. 13,1913,
1004,"ders No. 3) LLV, May 13",,,,LLV,,,"ders No. 3) LLV, May 13",,,,May 13,1913,
1006,"3d.; Parlia- and mariners), tation, 3}d.; rectors of public Bills—Dublin Metropolitan justices appeal, !d. ; Criminal law amend., 3d.; Inebriates, 3 d. ; Motor Car Act amend., įd.; Affiliation orders, id.; Local authorities fire brigades, 1d. ; Electric lighting, id. ; leasehold enfranchise- ment, 2ļd.; Street traffic regulation, £d. ; Town tenants (Ireland), id.; Public Trustee (Scot.), i}d.; Ground game, id. ; Protection of animals (overloading), 4d.; Music and dancing licences, 1 d.; Foreign jurisdiction, id. ; Government of the Soudan loan, £d. WYMAN, June 13",,,,WYMAN,,,"3d.; Parlia- and mariners), tation, 3}d.; rectors of public Bills—Dublin Metropolitan justices appeal, !d. ; Criminal law amend., 3d.; Inebriates, 3 d. ; Motor Car Act amend., įd.; Affiliation orders, id.; Local authorities fire brigades, Id. ; Electric lighting, id. ; leasehold enfranchise- ment, 2ļd.; Street traffic regulation, £d. ; Town tenants (Ireland), id.; Public Trustee (Scot.), i}d.; Ground game, id. ; Protection of animals (overloading), 4d.; Music and dancing licences, 1 d.; Foreign jurisdiction, id. ; Government of the Soudan loan, £d. WYMAN, June 13",,,,June 13,1913,
1038,"12mo. a cts, £d.; absent covident societies, pers), 1d.; Post 2.d.; Smoke 1 ; Prevention of awning industrial of Trade Unions breeding (Ireland), . WYMAN, May 13",,,,WYMAN,,,"I2mo. a cts, £d.; absent covident societies, pers), Id.; Post 2.d.; Smoke 1 ; Prevention of awning industrial of Trade Unions breeding (Ireland), . WYMAN, May 13",,,,May 13,1913,
1056,"Birt (F. B. Bradley-) see Bradley-Birt Birt (Lilian M.)— The Children's home-finder : the story of Annie Macpherson and Louisa Birt. Illus. Cr. 8vo 8 X5, pp. 286, 3s. 6d. net NISBET, Mar. 13",Birt,F. B. Bradley-,,NISBET,3s. 6d.,8vo,"Birt (F. B. Bradley-) see Bradley-Birt Birt (Lilian M.)— The Children's home-finder : the story of Annie Macpherson and Louisa Birt. Illus. Cr. 8vo 8 X5, pp. 286, 3s. 6d. net NISBET, Mar. 13",F. B. Bradley- Birt,['Birt (F. B. Bradley-)'],,Mar. 13,1913,net
1063,"Bishop's purse, Mof1t (C.) and Herford (0.) 6s. Bismarck calendar (The), 1914. 12mo., pp. 136, Swal. 1s. net .....F. PALMER, Nov. 13","Bishop's purse, Mof1t",C.,,F. PALMER,1s.,12mo.,"Bishop's purse, Mof1t (C.) and Herford (0.) 6s. Bismarck calendar (The), 1914. 12mo., pp. 136, Swal. Is. net .....F. PALMER, Nov. 13","C. Bishop's purse, Mof1t","[""Bishop's purse, Mof1t (C.)"", 'Herford (0.)']",,Nov. 13,1913,net
1069,"Björkman (Elwin)-1s there anything new under the Sun. 8vo. 8 X 54 pp. 260, 3s. 6d. net. S. SWIFT, Mar. 13",Björkman,Elwin,,S. SWIFT,3s. 6d.,8vo.,"Björkman (Elwin)-Is there anything new under the Sun. 8vo. 8 X 54 pp. 260, 3s. 6d. net. S. SWIFT, Mar. 13",Elwin Björkman,['Björkman (Elwin)'],,Mar. 13,1913,net
1115,"110., pp. 136, MER, V or. 13",,,,MER,,,"110., pp. 136, MER, V or. 13",,,,V or. 13,1913,
1116,"of hip and net fi H., Jan. 13",,,,H.,,,"of hip and net fi H., Jan. 13",,,,Jan. 13,1913,
1118,"cama gaterray, d. net VWIN, Sep. 13",,,,VWIN,,,"cama gaterray, d. net VWIN, Sep. 13",,,,Sep. 13,1913,
1124,"D2 mpositor's hbrary, re-issue HODDER & S., July 13",,,,HODDER & S.,,,"D2 mpositor's hbrary, re-issue HODDER & S., July 13",,,,July 13,1913,
1148,"net CHURCHILL, Oct. 13",,,,CHURCHILL,,,"net CHURCHILL, Oct. 13",,,,Oct. 13,1913,
1191,"PRESS, Nov. 13",,,,PRESS,,,"PRESS, Nov. 13",,,,Nov. 13,1913,
1197,"Bookman's letters, Nicoll (Sir W. K.) 4s. 6d. net Books to read : a reference list of inexpensive literature for students of Christianity. With a prefatory note by the Archbishop of York. 8vo. swd. 6d. .LONGMANS, Oct. 13","Bookman's letters, Nicoll",Sir W. K.,,LONGMANS,6d.,8vo.,"Bookman's letters, Nicoll (Sir W. K.) 45. 6d. net Books to read : a reference list of inexpensive literature for students of Christianity. With a prefatory note by the Archbishop of York. 8vo. swd. 6d. .LONGMANS, Oct. 13","Sir W. K. Bookman's letters, Nicoll","[""Bookman's letters, Nicoll (Sir W. K.)""]",,Oct. 13,1913,
1236,"other. a. ING, A pr. 13",,,,ING,,,"other. a. ING, A pr. 13",,,,A pr. 13,1913,
1238,"nes on irrit et IAXS, May 13",,,,IAXS,,,"nes on irrit et IAXS, May 13",,,,May 13,1913,
1239,"of happiness. RPER, Nov. 13",,,,RPER,,,"of happiness. RPER, Nov. 13",,,,Nov. 13,1913,
1277,"1 Edinburgh--Historic . 3d. WYMAN, 107.13",,,,WYMAN,3d.,,"1 Edinburgh--Historic . 3d. WYMAN, 107.13",,,,107.13,1913,
1353,"IS. -ER, Od. 13",,,,IS. -ER,,,"IS. -ER, Od. 13",,,,Od. 13,1913,
1354,"rmany: a 7 A cademy) RD, Oct. 13",,,,RD,,,"rmany: a 7 A cademy) RD, Oct. 13",,,,Oct. 13,1913,
1355,"study of velopment. -ES, Jan. 13",,,,ES,,,"study of velopment. -ES, Jan. 13",,,,Jan. 13,1913,
1357,"J' of the American et CMILLAV, May 13",,,,CMILLAV,,,"J' of the American et CMILLAV, May 13",,,,May 13,1913,
1386,"glish illus- editorship FX3), pp. CO., Vol. 13",,,,CO.,,,"glish illus- editorship FX3), pp. CO., Vol. 13",,,,Vol. 13,1913,
1409,"4to., 25s. net ...MACMILLAN, Oct. 13",,,,MACMILLAN,25s.,,"4to., 255. net ...MACMILLAN, Oct. 13",,,,Oct. 13,1913,net
1463,"Brown (Rose)-101 sweet dishes. Obl. 16mo., swd. 6d. net. (The joi scr.) SIMPKIN, Oct. 13",Brown,Rose,,SIMPKIN,,16mo.,"Brown (Rose)-101 sweet dishes. Obl. 16mo., swd. 6d. net. (The joi scr.) SIMPKIN, Oct. 13",Rose Brown,['Brown (Rose)'],,Oct. 13,1913,
1486,"id how it's n in soul iet ER, Apr. 13",,,,ER,,,"id how it's n in soul iet ER, Apr. 13",,,,Apr. 13,1913,
1488,"ry itinerary IUN, 4. pr. 13",,,,IUN,,,"ry itinerary IUN, 4. pr. 13",,,,4. pr. 13,1913,
1511,"ing New York et IELROSE, Vov. 13",,,,IELROSE,,,"ing New York et IELROSE, Vov. 13",,,,Vov. 13,1913,
1585,"38. 6d. ers, 2 vols a, ros. 6d. YS, Mar.13",,,,YS,6d.,,"38. 6d. ers, 2 vols a, ros. 6d. YS, Mar.13",,,,Mar.13,1913,
1590,"d hygiene in diseases BULLIÈRE, Od. 13",,,,BULLIÈRE,,,"d hygiene in diseases BULLIÈRE, Od. 13",,,,Od. 13,1913,
1627,"8vo., 7s. 60. 2s. 6d. 5s. net Buster Brown and his pets. Oblong folio, swd. 3s. 6d. net DEAN, July 13",,,,DEAN,3s. 6d.,,"8vo., 75. 60. 25. 6d. 5s. net Buster Brown and his pets. Oblong folio, swd. 35. 6d. net DEAN, July 13",,,,July 13,1913,net
1726,"3s. 6d. . . . . . . Cameron (W. J.)-In arcady, and other poems. Cr. 8vo. 71 x 5, pp. 96, 3s. 60. net B. MACDONALD, Sep. 13",,,,B. MACDONALD,,8vo.,"35. 6d. . . . . . . Cameron (W. J.)-In arcady, and other poems. Cr. 8vo. 71 x 5, pp. 96, 3s. 60. net B. MACDONALD, Sep. 13",,,,Sep. 13,1913,
1732,"Campbell (Harriette R.) 1s it enough ? A romance of musical life. Cr. 8vo. 71 X 5, PP. 272, HARPER, Sep. 13",Campbell,Harriette R.,,HARPER,,8vo.,"Campbell (Harriette R.) Is it enough ? A romance of musical life. Cr. 8vo. 71 X 5, PP. 272, HARPER, Sep. 13",Harriette R. Campbell,['Campbell (Harriette R.)'],,Sep. 13,1913,
1770,"Carey (Wymond)— No. 101. Pop. edit. Cr. 8vo. pp. 336, is, niet W. BLACKWOOD, May 13",Carey,Wymond,,W. BLACKWOOD,,8vo.,"Carey (Wymond)— No. 101. Pop. edit. Cr. 8vo. pp. 336, is, niet W. BLACKWOOD, May 13",Wymond Carey,['Carey (Wymond)'],,May 13,1913,
1833,"Cather (Willa Sibert)-0 pioneers! Cr. 8vo. 74 X 5, pp. 320, 6s..... HEINEMANN, Aug. 13",Cather,Willa Sibert,,HEINEMANN,6s.,8vo.,"Cather (Willa Sibert)-0 pioneers! Cr. 8vo. 74 X 5, pp. 320, 6s..... HEINEMANN, Aug. 13",Willa Sibert Cather,['Cather (Willa Sibert)'],,Aug. 13,1913,
1849,"5s. 6d. Cce Jay anual (The), 1913. 4to. swd. is. net COMPETITORS' JOURNAL, Dec. 13",,,,COMPETITORS' JOURNAL,,4to.,"5S. 6d. Cce Jay anual (The), 1913. 4to. swd. is. net COMPETITORS' JOURNAL, Dec. 13",,,,Dec. 13,1913,
1866,"5s. net Certainty and justice, Condert (F. R.) 6s. net Certificate examination papers, 1912, 7}d. (post free) .WYMAN, Feb. 13",,,,WYMAN,,,"55. net Certainty and justice, Condert (F. R.) 6s. net Certificate examination papers, 1912, 7}d. (post free) .WYMAN, Feb. 13",,,,Feb. 13,1913,
1872,"Chadwick (Samuel)-11'umanity and God. Cr. 8vo. PP. 372, 2s. net. (Expositor's library, re-issue) HODDER & S., July 13",Chadwick,Samuel,,HODDER & S.,,8vo.,"Chadwick (Samuel)-11'umanity and God. Cr. 8vo. PP. 372, 25. net. (Expositor's library, re-issue) HODDER & S., July 13",Samuel Chadwick,['Chadwick (Samuel)'],,July 13,1913,
1919,"Charities (Endowed)—Reports, County of Devon : Lydford, id. WYMAN, May 13",Charities,Endowed,,WYMAN,,,"Charities (Endowed)—Reports, County of Devon : Lydford, id. WYMAN, May 13",Endowed Charities,['Charities (Endowed)'],,May 13,1913,
1927,"Chase, The, Gilchrist (R. M.) 6s. Chater (George)-A Flutter in fcathers. Illus, by George Morrow. Cr. 8vo. 73 X5, pp. 296, 6s. GARDNER, D., Oct. 13","Chase, The, Gilchrist",R. M.,,"GARDNER, D.",6s.,8vo.,"Chase, The, Gilchrist (R. M.) 6s. Chater (George)-A Flutter in fcathers. Illus, by George Morrow. Cr. 8vo. 73 X5, pp. 296, 6s. GARDNER, D., Oct. 13","R. M. Chase, The, Gilchrist","['Chase, The, Gilchrist (R. M.)']",,Oct. 13,1913,
1947,"Illus. 8vo., pp. 128, bds. 2s. 644. net Chemistry, Applied, Dict. of, Thorpe (Sir E.) EWART, SEYMOUR, Dec. 13",,,,"EWART, SEYMOUR",,8vo.,"Illus. 8vo., pp. 128, bds. 25. 644. net Chemistry, Applied, Dict. of, Thorpe (Sir E.) EWART, SEYMOUR, Dec. 13",,,,Dec. 13,1913,
1949,"12mo., pp. 224, 1s. net...... METHUEN, Nov. 13",,,,METHUEN,1s.,,"12mo., pp. 224, Is. net...... METHUEN, Nov. 13",,,,Nov. 13,1913,net
1951,"CASSELL, Jan. 13",,,,CASSELL,,,"CASSELL, Jan. 13",,,,Jan. 13,1913,
1953,"8vo. 6X45, Ithr., 3s. 6d. net (Watteau ser., 16) SIEGLE, H., June 13",,,,"SIEGLE, H.",3s. 6d.,,"8vo. 6X45, Ithr., 35. 6d. net (Watteau ser., 16) SIEGLE, H., June 13",,,,June 13,1913,net
1956,"81X54, pp. 104, is. 6d., swd., is. (Marlborough ser.)..... ..MARLBOROUGH, May 13",,,,MARLBOROUGH,,,"81X54, pp. 104, is. 6d., swd., is. (Marlborough ser.)..... ..MARLBOROUGH, May 13",,,,May 13,1913,
1957,"BLACK, Jan. 13",,,,BLACK,,,"BLACK, Jan. 13",,,,Jan. 13,1913,
1958,"8vo. 95 X64, pp. 650, 21s, net Chemistry, Treatise on, Roscoe (H. E.) and LONGMANS, Apr. 13",,,,LONGMANS,,,"8vo. 95 X64, pp. 650, 21s, net Chemistry, Treatise on, Roscoe (H. E.) and LONGMANS, Apr. 13",,,,Apr. 13,1913,
1959,"LONGMAYS, Nov. 13",,,,LONGMAYS,,,"LONGMAYS, Nov. 13",,,,Nov. 13,1913,
2024,".WYMAN, Jan. 13",,,,WYMAN,,,".WYMAN, Jan. 13",,,,Jan. 13,1913,
2106,"12mo J. M. WATKINS, Jan. 13",,,,J. M. WATKINS,,,"I2mo J. M. WATKINS, Jan. 13",,,,Jan. 13,1913,
2156,"4s. net 3s. 6d. Coleby (W.T.)- The Truants : a comedy in 3 acts. Cr. 8vo. Swd. 1s. net .... S. FRENCH, Apr. 13",,,,S. FRENCH,1s.,8vo.,"4s. net 3s. 6d. Coleby (W.T.)- The Truants : a comedy in 3 acts. Cr. 8vo. Swd. Is. net .... S. FRENCH, Apr. 13",,,,Apr. 13,1913,net
2217,"Combined maze, Sinclair (M.) 6s......... Come lasses and lads. Illus. by Randolph Caldecott. 4to. 73 x 71, bds. is. net WARNE, Sep. 13","Combined maze, Sinclair",M.,,WARNE,,4to.,"Combined maze, Sinclair (M.) 6S......... Come lasses and lads. Illus. by Randolph Caldecott. 4to. 73 x 71, bds. is. net WARNE, Sep. 13","M. Combined maze, Sinclair","['Combined maze, Sinclair (M.)']",,Sep. 13,1913,
2348,"Co wan (Samuel K.)–From Ulster's hills. (Verse.] 8vo., pp. 111, 1s. (Belfast) McCaw, STEVENSON, Nov. 13",,,,STEVENSON,,,"Co wan (Samuel K.)–From Ulster's hills. (Verse.] 8vo., pp. 111, Is. (Belfast) McCaw, STEVENSON, Nov. 13",,"[""Co wan (Samuel K.)–From Ulster's hills. (Verse.] 8vo., pp. 111, 1s. (Belfast)""]",,Nov. 13,1913,
2374,"Craig (J. I.) see Willcocks (Sir W.) and Craig, Craig (Robert)--A History of oratory in Parlia- ment, 1213 to 1913. 8vo. 9X5, pp. 330, IOS. 6d. net ..HEATH, CRANTON, Apr. 13",Craig,J. I.,,"HEATH, CRANTON",6d.,,"Craig (J. I.) see Willcocks (Sir W.) and Craig, Craig (Robert)--A History of oratory in Parlia- ment, 1213 to 1913. 8vo. 9X5, pp. 330, IOS. 6d. net ..HEATH, CRANTON, Apr. 13",J. I. Craig,['Craig (J. I.)'],,Apr. 13,1913,net
2601,"8vo., 6s. 6d. net ........ SWEET & M., Nov, 13",,,,SWEET & M.,6s. 6d.,,"8vo., 6s. 6d. net ........ SWEET & M., Nov, 13",,,,"Nov, 13",1913,net
2641,"Debt (National) annuities, id. (post free) WYMAN, Apr. 13",Debt,National,,WYMAN,,,"Debt (National) annuities, id. (post free) WYMAN, Apr. 13",National Debt,['Debt (National)'],,Apr. 13,1913,
2671,"Denmark, Rural, Haggard (Sir H. R.) 3s. 6d. Denney (James) - Jesus and the Gospel : Christ- ianity justified in the mind of Christ. 4th edit. 8vo. 8] X54, pp. 434, 6s. HODDER & S., Oct. 13","Denmark, Rural, Haggard",Sir H. R.,,HODDER & S.,6s.,8vo.,"Denmark, Rural, Haggard (Sir H. R.) 35. 6d. Denney (James) - Jesus and the Gospel : Christ- ianity justified in the mind of Christ. 4th edit. 8vo. 8] X54, pp. 434, 65. HODDER & S., Oct. 13","Sir H. R. Denmark, Rural, Haggard","['Denmark, Rural, Haggard (Sir H. R.)']",,Oct. 13,1913,
2685,"WYMAN, Feb. 13",,,,WYMAN,,,"WYMAN, Feb. 13",,,,Feb. 13,1913,
2786,"Dods (Marcus) -1srael's iron age. Cr. 8vo., pp. 234. 28. net. (Expositor's library, cheaper re-issue) HODDER & S., Oct. 13",Dods,Marcus,,HODDER & S.,,8vo.,"Dods (Marcus) -Israel's iron age. Cr. 8vo., pp. 234. 28. net. (Expositor's library, cheaper re-issue) HODDER & S., Oct. 13",Marcus Dods,['Dods (Marcus)'],,Oct. 13,1913,
2792,"Dominant race, Adams (W. H.) 6s. , May 13",,,,,,,"Dominant race, Adams (W. H.) 6S. , May 13",,,,,1913,
2799,"Donisthorpe (H. St. John) see Fowler (W. W.) and Donisthorpe Donisthorpe (W.)—Uropa: a new simple philo- sophically-constructed language based on Latin roots. 8vo. 8! X54, pp. 57 (Guildford) STENT, June 13",Donisthorpe,H. St. John,,STENT,,,"Donisthorpe (H. St. John) see Fowler (W. W.) and Donisthorpe Donisthorpe (W.)—Uropa: a new simple philo- sophically-constructed language based on Latin roots. 8vo. 8! X54, pp. 57 (Guildford) STENT, June 13",H. St. John Donisthorpe,['Donisthorpe (H. St. John)'],,June 13,1913,
2967,"Echoes: verse, Anderson (A. L. H.) 28. 6d. net Eckel (E. C.)-Portland cement materials and industry in the United States. (U.S. Geol. Surv.) Plates. 8vo. 9X6, pp. 401, swd. 6, 6d. net .WESLEY, Nov. 13","Echoes: verse, Anderson",A. L. H.,,WESLEY,6d.,8vo.,"Echoes: verse, Anderson (A. L. H.) 28. 6d. net Eckel (E. C.)-Portland cement materials and industry in the United States. (U.S. Geol. Surv.) Plates. 8vo. 9X6, pp. 401, swd. 6, 6d. net .WESLEY, Nov. 13","A. L. H. Echoes: verse, Anderson","['Echoes: verse, Anderson (A. L. H.)']",,Nov. 13,1913,net
3017,"Education (Scotland)—40th annual report by the accountant for Scotland, for 1911-12, iod. WYMAN, May 13",Education,Scotland,,WYMAN,,,"Education (Scotland)—40th annual report by the accountant for Scotland, for 1911-12, iod. WYMAN, May 13",Scotland Education,['Education (Scotland)'],,May 13,1913,
3119,"IS, Nov. 13",,,,IS,,,"IS, Nov. 13",,,,Nov. 13,1913,
3272,"Ferryman (A. F. Mockler-) see Mockler-Ferryman Fertilisers and Feeding Stuffs Act, 1906; Irish Report for 1911-12, 7ļd. (post free) W'YMAN, June 13",Ferryman,A. F. Mockler-,,W'YMAN,,,"Ferryman (A. F. Mockler-) see Mockler-Ferryman Fertilisers and Feeding Stuffs Act, 1906; Irish Report for 1911-12, 7ļd. (post free) W'YMAN, June 13",A. F. Mockler- Ferryman,['Ferryman (A. F. Mockler-)'],,June 13,1913,
3304,"5s. net net Fielding (Henry)—The History of the adventures Finance (1909-10) Act, 1910; Revenue Act, of Joseph Andrews and his friend Mr. Abraham 1911; Finance Act, 1911; Finance Act, Adams. 12mo., pp. 364, is, net (Bohn's popular 1912; Notes on test cases under the above library)... ...BELL, Apr. 13",,,,BELL,,12mo.,"5s. net net Fielding (Henry)—The History of the adventures Finance (1909-10) Act, 1910; Revenue Act, of Joseph Andrews and his friend Mr. Abraham 1911; Finance Act, 1911; Finance Act, Adams. 12mo., pp. 364, is, net (Bohn's popular 1912; Notes on test cases under the above library)... ...BELL, Apr. 13",,,,Apr. 13,1913,
3308,"OFFICE, Nov. 13",,,,OFFICE,,,"OFFICE, Nov. 13",,,,Nov. 13,1913,
3310,"..BELL, Oct. 13",,,,BELL,,,"..BELL, Oct. 13",,,,Oct. 13,1913,
3312,"OFFICE, Feb. 13",,,,OFFICE,,,"OFFICE, Feb. 13",,,,Feb. 13,1913,
3313,"net.. .HUTCHINSON, Nov. 13",,,,HUTCHINSON,,,"net.. .HUTCHINSON, Nov. 13",,,,Nov. 13,1913,
3314,"81 X53, pp. 316, ios. 6d. net Findlay (Alexander)-Osmotic pressure. 8vo. HURST & B., Oct. 13",,,,HURST & B.,,8vo.,"81 X53, pp. 316, ios. 6d. net Findlay (Alexander)-Osmotic pressure. 8vo. HURST & B., Oct. 13",,,,Oct. 13,1913,
3316,"LONGMANS, Mar. 13",,,,LONGMANS,,,"LONGMANS, Mar. 13",,,,Mar. 13,1913,
3318,"BAILLIERE, Nov. 13",,,,BAILLIERE,,,"BAILLIERE, Nov. 13",,,,Nov. 13,1913,
3320,"net FROWDE, Oct. 13",,,,FROWDE,,,"net FROWDE, Oct. 13",,,,Oct. 13,1913,
3322,"PARTRIDGE, Oct. 13",,,,PARTRIDGE,,,"PARTRIDGE, Oct. 13",,,,Oct. 13,1913,
3324,"25, 6d. net ...H. H. G. GRATTAN, Mar. 13",,,,H. H. G. GRATTAN,6d.,,"25, 6d. net ...H. H. G. GRATTAN, Mar. 13",,,,Mar. 13,1913,net
3326,"LONGMANS, Nov. 13",,,,LONGMANS,,,"LONGMANS, Nov. 13",,,,Nov. 13,1913,
3327,"IS. 6d. net. (Peeps at history) .. BLACK, Oct. 13",IS. 6d. net.,Peeps at history,,BLACK,,,"IS. 6d. net. (Peeps at history) .. BLACK, Oct. 13",Peeps at history IS. 6d. net.,['IS. 6d. net. (Peeps at history)'],,Oct. 13,1913,
3330,"..HEINEMANN, Apr. 13",,,,HEINEMANN,,,"..HEINEMANN, Apr. 13",,,,Apr. 13,1913,
3331,"1912-13 5 d. . WYMAN, July 13",,,,WYMAN,,,"1912-13 5 d. . WYMAN, July 13",,,,July 13,1913,
3389,"Flemish tales, Redmond-Anderson (J.) 3s. 6d. net Flem well (G.)--Chamonix : pictured and described. 4to. 9 X64, pp. 64, bds., 28. net BLACKIE, June 13","Flemish tales, Redmond-Anderson",J.,,BLACKIE,,4to.,"Flemish tales, Redmond-Anderson (J.) 35. 6d. net Flem well (G.)--Chamonix : pictured and described. 4to. 9 X64, pp. 64, bds., 28. net BLACKIE, June 13","J. Flemish tales, Redmond-Anderson","['Flemish tales, Redmond-Anderson (J.)']",,June 13,1913,
3419,"Food poisoning (Bacterial) and food infections (L.G.B.) 6d. WYMAN, Sep. 13",Food poisoning,Bacterial,,WYMAN,6d.,,"Food poisoning (Bacterial) and food infections (L.G.B.) 6d. WYMAN, Sep. 13",Bacterial Food poisoning,"['Food poisoning (Bacterial)', 'food infections (L.G.B.)']",,Sep. 13,1913,
3471,"Fox (G. E.The Worst singer in the worll, and other celebrities met during a cruise in the Mediterrancan. 8vo., pp. 100, is, net (34, Norfolk St., W.C.) AUTHOR, Sep. 13",Fox,"G. E.The Worst singer in the worll,",,AUTHOR,,,"Fox (G. E.The Worst singer in the worll, and other celebrities met during a cruise in the Mediterrancan. 8vo., pp. 100, is, net (34, Norfolk St., W.C.) AUTHOR, Sep. 13","G. E.The Worst singer in the worll, Fox","['Fox (G. E.The Worst singer in the worll,)', 'Fox (other celebrities met during a cruise in the Mediterrancan. 8vo., pp. 100, is, net (34, Norfolk St., W.C.)']",,Sep. 13,1913,
3533,"Friar Tuck, Wason (R. A.) 6s. Friedeberg (S.)-Joshua. An annotated Hebrew text, with intro., vocabulary, geographical and historical glossary and 3 maps. Cr. 8vo. 74 X5, pp. 246, 5s. net. . HEINEMANN, Feb. 13","Friar Tuck, Wason",R. A.,,HEINEMANN,5s.,8vo.,"Friar Tuck, Wason (R. A.) 6s. Friedeberg (S.)-Joshua. An annotated Hebrew text, with intro., vocabulary, geographical and historical glossary and 3 maps. Cr. 8vo. 74 X5, pp. 246, 5s. net. . HEINEMANN, Feb. 13","R. A. Friar Tuck, Wason","['Friar Tuck, Wason (R. A.)']",,Feb. 13,1913,net
3536,"Friendship birthday book (A). 16mo. 41 X2}, is. net ; Ithr., 28. 6d. net (Langham birthday books, 6) SIEGLE, H., Nov. 13",Friendship birthday book,A,,"SIEGLE, H.",6d.,,"Friendship birthday book (A). 16mo. 41 X2}, is. net ; Ithr., 28. 6d. net (Langham birthday books, 6) SIEGLE, H., Nov. 13",A Friendship birthday book,['Friendship birthday book (A)'],,Nov. 13,1913,net
3604,"5s. net 7! **? *176.6, an Garcke (Emile)-Manual of electrical under- takings and directory of officials, 1913-1914. 8vo., 21s. net .... ELECTRICAL PRESS, June 13",,,,ELECTRICAL PRESS,21s.,8vo.,"55. net 7! **? *176.6, an Garcke (Emile)-Manual of electrical under- takings and directory of officials, 1913-1914. 8vo., 215. net .... ELECTRICAL PRESS, June 13",,,,June 13,1913,net
3687,"George (W. L.)-1srael Kalisch. Cr. 8vo. 71 X5, pp. 316, 6s. CONSTABLE, Jan. 13",George,W. L.,,CONSTABLE,6s.,8vo.,"George (W. L.)-Israel Kalisch. Cr. 8vo. 71 X5, pp. 316, 6s. CONSTABLE, Jan. 13",W. L. George,['George (W. L.)'],,Jan. 13,1913,
3854,"Gosse (Edmund)-Critical kit-kats. (Collected essays, Vol. 3). Cr. 8vo. 71 x 5, pp. 326, 6s. net HEINEMANN, Oct. 13",,,,HEINEMANN,6s.,8vo.,"Gosse (Edmund)-Critical kit-kats. (Collected essays, Vol. 3). Cr. 8vo. 71 x 5, pp. 326, 6s. net HEINEMANN, Oct. 13",,"['Gosse (Edmund)-Critical kit-kats. (Collected essays, Vol. 3)']",,Oct. 13,1913,net
3989,"Grif, Farjeon (B. L.) 6d.. Griffin (Mrs. E.)-Pitman's Household arithmetic for girls. Book 2, Intermediate; Book 3, Senior. 8vo. 77 x 41, pp. 66, paper 5d., cloth 5 d. .PITMAN, May 13","Grif, Farjeon",B. L.,,PITMAN,,8vo.,"Grif, Farjeon (B. L.) 6d.. Griffin (Mrs. E.)-Pitman's Household arithmetic for girls. Book 2, Intermediate; Book 3, Senior. 8vo. 77 x 41, pp. 66, paper 5d., cloth 5 d. .PITMAN, May 13","B. L. Grif, Farjeon","['Grif, Farjeon (B. L.)']",,May 13,1913,
4035,"74 X5, pp. 296, 6s. ..T. W. LAURIE, Feb. 13",,,,T. W. LAURIE,6s.,,"74 X5, pp. 296, 6s. ..T. W. LAURIE, Feb. 13",,,,Feb. 13,1913,
4036,"Guli (C. Ranger-) see Ranger-Gull. Gullick Elsie)-Children of Moon Street. Illus. 8vo., 8 X 54, pp. 398, 3s. 6d. W. COLLINS, Nov. 13",Guli,C. Ranger-,,W. COLLINS,3s. 6d.,8vo.,"Guli (C. Ranger-) see Ranger-Gull. Gullick Elsie)-Children of Moon Street. Illus. 8vo., 8 X 54, pp. 398, 3s. 6d. W. COLLINS, Nov. 13",C. Ranger- Guli,['Guli (C. Ranger-)'],,Nov. 13,1913,
4064,"Hagar, Johnston (M) 6s.. Hagedorn (H.)—Poems and ballads. New edit. Cr. 8vo. 4s. 6d. net......MACMILLAN, Nov. 13","Hagar, Johnston",M,,MACMILLAN,4s. 6d.,8vo.,"Hagar, Johnston (M) 65.. Hagedorn (H.)—Poems and ballads. New edit. Cr. 8vo. 45. 6d. net......MACMILLAN, Nov. 13","M Hagar, Johnston","['Hagar, Johnston (M)']",,Nov. 13,1913,net
4166,"Happy women, Reed (M.) 6s. Hapsburg monarchy, Steed (H. W.) 7s. 6d. net Harben (Will N.)—The Desired woman. Cr. 8vo. 74 X 5, pp. 480, 6s. .HARPER, Sep. 13","Happy women, Reed",M.,,HARPER,6s.,8vo.,"Happy women, Reed (M.) 6s. Hapsburg monarchy, Steed (H. W.) 7s. 6d. net Harben (Will N.)—The Desired woman. Cr. 8vo. 74 X 5, pp. 480, 6s. .HARPER, Sep. 13","M. Happy women, Reed","['Happy women, Reed (M.)']",,Sep. 13,1913,
4251,"Haselhurst (S. Rennie)-Northumberland (Cam- bridge County Geographies). Cr. 8vo., pp. 192, s. 6d. .. CAMB. UNIV. PRESS, Dec. 13",,,,CAMB. UNIV. PRESS,6d.,8vo.,"Haselhurst (S. Rennie)-Northumberland (Cam- bridge County Geographies). Cr. 8vo., pp. 192, IS. 6d. .. CAMB. UNIV. PRESS, Dec. 13",,['Haselhurst (S. Rennie)-Northumberland (Cam- bridge County Geographies)'],,Dec. 13,1913,
4261,"Hat shop, Peel (Mrs. C. S.) 6s. Hatch (F. H.) and Rastall (R. H.)--The Petrology of the sedimentary rocks. Cr. 8vo. 71 x 14, pp. 440, 75, 6d, net .G. ALLEN, Jan. 13","Hat shop, Peel",Mrs. C. S.,,G. ALLEN,6d.,8vo.,"Hat shop, Peel (Mrs. C. S.) 6s. Hatch (F. H.) and Rastall (R. H.)--The Petrology of the sedimentary rocks. Cr. 8vo. 71 x 14, pp. 440, 75, 6d, net .G. ALLEN, Jan. 13","Mrs. C. S. Hat shop, Peel","['Hat shop, Peel (Mrs. C. S.)']",,Jan. 13,1913,net
4309,"IS. net s, Oct. 13",,,,,,,"IS. net IS, Oct. 13",,,,,1913,
4419,"Hewlett (F. G. W.BIancashire. Cr. 8vo., pp. 256, 1s. 6d. net (Oxford county histories) (Clarendon Press) MILFORD, Oct. 13",Hewlett,"F. G. W.BIancashire. Cr. 8vo., pp. 256, 1s. 6d. net (Oxford county histories",,MILFORD,,,"Hewlett (F. G. W.BIancashire. Cr. 8vo., pp. 256, Is. 6d. net (Oxford county histories) (Clarendon Press) MILFORD, Oct. 13","F. G. W.BIancashire. Cr. 8vo., pp. 256, 1s. 6d. net (Oxford county histories Hewlett","['Hewlett (F. G. W.BIancashire. Cr. 8vo., pp. 256, 1s. 6d. net (Oxford county histories)']",,Oct. 13,1913,
4520,". 78. od... Hodgson (Radnor H.)—Glad tidings : a state- ment of the science of being : a guide to the true life. Cr. 8vo., pp. 80, bds., is. net HEADLEY, Apr. 13",,,,HEADLEY,,8vo.,". 78. od... Hodgson (Radnor H.)—Glad tidings : a state- ment of the science of being : a guide to the true life. Cr. 8vo., pp. 80, bds., is. net HEADLEY, Apr. 13",,,,Apr. 13,1913,
4563,"3s. 6d. . . . . . . . 5s. net Holly (M. B.)---German epics retold. 28. 6d. ..HARRAP, June 13",,,,HARRAP,6d.,,"35. 6d. . . . . . . . 55. net Holly (M. B.)---German epics retold. 28. 6d. ..HARRAP, June 13",,,,June 13,1913,
4567,"Holmes (A.) see Lippert (F. E.) and Holmes Holmes (Arthur)—The Age of the earth. 12mo. 7x41, pp. 208, 2s. 6d. net. (Library of living thought) .HARPER, Apr. 13",Holmes,A.,,HARPER,,,"Holmes (A.) see Lippert (F. E.) and Holmes Holmes (Arthur)—The Age of the earth. I 2mo. 7x41, pp. 208, 25. 6d. net. (Library of living thought) .HARPER, Apr. 13",A. Holmes,['Holmes (A.)'],,Apr. 13,1913,
4640,"3d. WYMAN, A pr. 13",,,,WYMAN,3d.,,"3d. WYMAN, A pr. 13",,,,A pr. 13,1913,
4694,"Howe (P. P.)-Malthus and the publishing trade, M SECKER, Sep. 13",Howe,P. P.,,M SECKER,,,"Howe (P. P.)-Malthus and the publishing trade, M SECKER, Sep. 13",P. P. Howe,['Howe (P. P.)'],,Sep. 13,1913,
4804,"Hurrish, Lawless (E.) 7d. net Hurry (J. B.) — The 1deals and organisation of a medical society. 8vo. 2s. net CHURCHILL, Nov. 13","Hurrish, Lawless",E.,,CHURCHILL,2s.,8vo.,"Hurrish, Lawless (E.) 7d. net Hurry (J. B.) — The Ideals and organisation of a medical society. 8vo. 2s. net CHURCHILL, Nov. 13","E. Hurrish, Lawless","['Hurrish, Lawless (E.)']",,Nov. 13,1913,net
4848,"Icelandic sagas, Craigie (W. A.) 1s., 2s. od. net Icely (H. E. M.)-English history illustrated from original sources, 1715-181s. 12m0., pp. 124, 2s. BLACK, May 13","Icelandic sagas, Craigie",W. A.,,BLACK,2s.,,"Icelandic sagas, Craigie (W. A.) Is., 25. od. net Icely (H. E. M.)-English history illustrated from original sources, 1715-1815. 12m0., pp. 124, 25. BLACK, May 13","W. A. Icelandic sagas, Craigie","['Icelandic sagas, Craigie (W. A.)']",,May 13,1913,
4852,"Illing worth (J. R.HDivine Immanence: essay on the spiritual significance of prayer Cr. 8vo., pp. 228, is. net (Macmillan's theo- logical lib.). .MACMILLAN, July 13",Illing worth,"J. R.HDivine Immanence: essay on the spiritual significance of prayer Cr. 8vo., pp. 228, is. net (Macmillan's theo- logical lib.",,MACMILLAN,,,"Illing worth (J. R.HDivine Immanence: essay on the spiritual significance of prayer Cr. 8vo., pp. 228, is. net (Macmillan's theo- logical lib.). .MACMILLAN, July 13","J. R.HDivine Immanence: essay on the spiritual significance of prayer Cr. 8vo., pp. 228, is. net (Macmillan's theo- logical lib. Illing worth","[""Illing worth (J. R.HDivine Immanence: essay on the spiritual significance of prayer Cr. 8vo., pp. 228, is. net (Macmillan's theo- logical lib.)""]",,July 13,1913,
4894,"Ingold (1..) see Kenyon (A. M.) and Ingold. Ingoldshy (Thomas) see Barham (R. H.) Ingpen (A. R.)-A Concise treatment on the Law relating to executors and administrators. 2nd edit. 8vo., 25s. net STEVENS & SONS, Ingram (Arthur F. Winnington, Bp.)-The Attrac- tiveness of goodness. Cr. 8vo. 71 x 41, pp. 218, 2s. 6d. net ..GARDNER, D., Feb. 13",Ingold,1..,,"GARDNER, D.",2s. 6d.,8vo.,"Ingold (1..) see Kenyon (A. M.) and Ingold. Ingoldshy (Thomas) see Barham (R. H.) Ingpen (A. R.)-A Concise treatment on the Law relating to executors and administrators. 2nd edit. 8vo., 255. net STEVENS & SONS, Ingram (Arthur F. Winnington, Bp.)-The Attrac- tiveness of goodness. Cr. 8vo. 71 x 41, pp. 218, 2s. 6d. net ..GARDNER, D., Feb. 13",1.. Ingold,['Ingold (1..)'],,Feb. 13,1913,net
4900,"4s. s. Vol. 3. 15s. net Innes (Arthur D.)-A History of England and the British Empire. Vol. 1. to 148s. Cr. 8vo. 8 X5, pp. 574, 6s. net RIVINGTONS, Nov. 13",,,,RIVINGTONS,6s.,8vo.,"45. IS. Vol. 3. 155. net Innes (Arthur D.)-A History of England and the British Empire. Vol. 1. to 1485. Cr. 8vo. 8 X5, pp. 574, 6s. net RIVINGTONS, Nov. 13",,,,Nov. 13,1913,net
4909,"WYMAN, July 13",,,,WYMAN,,,"WYMAN, July 13",,,,July 13,1913,
4949,"1s Christianity a colossal failure ? By one of the Bees. 3rd edit. 8vo., pp. 182, swd. is. net S. PAUL, Nov. 13",,,,S. PAUL,,8vo.,"Is Christianity a colossal failure ? By one of the Bees. 3rd edit. 8vo., pp. 182, swd. is. net S. PAUL, Nov. 13",,,,Nov. 13,1913,
4950,"1s there a Hell? A symposium by leaders of religious thought. Cr. 8vo., pp. 116, bds. s. net .CASSELL, July 13",,,,CASSELL,,8vo.,"Is there a Hell? A symposium by leaders of religious thought. Cr. 8vo., pp. 116, bds. IS. net .CASSELL, July 13",,,,July 13,1913,
4951,"1s there anything new under the Sun, Björkman (E.) 3s. 6d. net 1s Ulster right ? a statement of the question at issue between Ulster and the National Party, &c. By an Irishman. Cr. 8vo. 74 X5, pp. 278, 38. 6d. net .MURRAY, Oct. 13",,,,MURRAY,6d.,8vo.,"Is there anything new under the Sun, Björkman (E.) 35. 6d. net Is Ulster right ? a statement of the question at issue between Ulster and the National Party, &c. By an Irishman. Cr. 8vo. 74 X5, pp. 278, 38. 6d. net .MURRAY, Oct. 13",,,,Oct. 13,1913,net
4952,"1sho'dad of Merv, Bishop of Hadatha (c.850 A.D.)-- Commentaries, in Syriac and English. Edit. and trans. by Margaret Dunlop Gibson. V. 4, Acts of the Apostles and three Catholic Epistles. Facsim. Ryl. 8vo., pp. 86, 7s. 6d. net CAMB. UNIV. PRESS, Mar. 13",,,,CAMB. UNIV. PRESS,7s. 6d.,8vo.,"Isho'dad of Merv, Bishop of Hadatha (c.850 A.D.)-- Commentaries, in Syriac and English. Edit. and trans. by Margaret Dunlop Gibson. V. 4, Acts of the Apostles and three Catholic Epistles. Facsim. Ryl. 8vo., pp. 86, 7s. 6d. net CAMB. UNIV. PRESS, Mar. 13",,,,Mar. 13,1913,net
5107,"Jones (F.) see Scott (E. H.) and Jones, Jones (H. C.)-A New era in chemistry. Cr. 8vo. 8s. 6d, net ....CONSTABLE, Dec. 13",Jones,F.,,CONSTABLE,8s. 6d.,8vo.,"Jones (F.) see Scott (E. H.) and Jones, Jones (H. C.)-A New era in chemistry. Cr. 8vo. 8s. 6d, net ....CONSTABLE, Dec. 13",F. Jones,['Jones (F.)'],,Dec. 13,1913,net
5167,"Kay (S. A.) see Cumming (A. C.) and Kay. Kaye-Smith (Sheila)—1sle of thorns. Cr. 8vo. 74 X 5, pp. 350, 6s.... ..CONSTABLE, Apr. 13",Kay,S. A.,,CONSTABLE,6s.,8vo.,"Kay (S. A.) see Cumming (A. C.) and Kay. Kaye-Smith (Sheila)—Isle of thorns. Cr. 8vo. 74 X 5, pp. 350, 6s.... ..CONSTABLE, Apr. 13",S. A. Kay,"['Kay (S. A.)', 'Kaye-Smith (Sheila)']",,Apr. 13,1913,
5269,"King (Mabel)-1dylls of the poor. Second ser. Re-issue. Cr. 8vo. 73 X48, pp. 192, is. PARTRIDGE, May 13",King,Mabel,,PARTRIDGE,,8vo.,"King (Mabel)-Idylls of the poor. Second ser. Re-issue. Cr. 8vo. 73 X48, pp. 192, is. PARTRIDGE, May 13",Mabel King,['King (Mabel)'],,May 13,1913,
5346,"A. MELROSE, Apr. 13",,,,A. MELROSE,,,"A. MELROSE, Apr. 13",,,,Apr. 13,1913,
5440,"Larder Lodge, Parker (B. and N.) 3s. 6d. net Larisch (Countess Marie)-My past. 8vo. 9 X5}, pp. 304, Ios. 6.1. net.... ..NASH, May 13","Larder Lodge, Parker",B.,,NASH,,8vo.,"Larder Lodge, Parker (B. and N.) 3s. 6d. net Larisch (Countess Marie)-My past. 8vo. 9 X5}, pp. 304, Ios. 6.1. net.... ..NASH, May 13","B. Larder Lodge, Parker","['Larder Lodge, Parker (B.)', 'Larder Lodge, Parker (N.)']",,May 13,1913,
5651,"APPLETON, Apr. 13",,,,APPLETON,,,"APPLETON, Apr. 13",,,,Apr. 13,1913,
5652,"net ....CONSTABLE, Oct. 13",,,,CONSTABLE,,,"net ....CONSTABLE, Oct. 13",,,,Oct. 13,1913,
5656,"CHAPMAN & H., June 13",,,,CHAPMAN & H.,,,"CHAPMAN & H., June 13",,,,June 13,1913,
5658,"Ryl. 8vo., pp. 99, 5s. net PROBSTHAIN, July 13",,,,PROBSTHAIN,5s.,8vo.,"Ryl. 8vo., pp. 99, 55. net PROBSTHAIN, July 13",,,,July 13,1913,net
5662,"SIMPKIN, Jan. 13",,,,SIMPKIN,,,"SIMPKIN, Jan. 13",,,,Jan. 13,1913,
5663,"1913. 3d. WYMAN, Oct. 13",,,,WYMAN,3d.,,"1913. 3d. WYMAN, Oct. 13",,,,Oct. 13,1913,
5665,"W. S. LINCOLN, Jan. 13",,,,W. S. LINCOLN,,,"W. S. LINCOLN, Jan. 13",,,,Jan. 13,1913,
5666,"Cr. 8vo. 71 X41, pp. 370, 6s. net S. PAUL, May 13",,,,S. PAUL,6s.,8vo.,"Cr. 8vo. 71 X41, pp. 370, 6s. net S. PAUL, May 13",,,,May 13,1913,net
5668,"6d. net . TEMPLE PRESS, Nov. 13",,,,TEMPLE PRESS,6d.,,"6d. net . TEMPLE PRESS, Nov. 13",,,,Nov. 13,1913,net
5669,"net (People's books). .JACK, Sep. 13",net,People's books,,JACK,,,"net (People's books). .JACK, Sep. 13",People's books net,"[""net (People's books)""]",,Sep. 13,1913,
5671,"Cr. 8vo., pp. 320, 2s, net C. H. KELLY, May 13",,,,C. H. KELLY,2s.,8vo.,"Cr. 8vo., pp. 320, 2s, net C. H. KELLY, May 13",,,,May 13,1913,net
5672,"C. T. KELLY, May 13",,,,C. T. KELLY,,,"C. T. KELLY, May 13",,,,May 13,1913,
5673,"W. BLACKWOOD, Dec. 13",,,,W. BLACKWOOD,,,"W. BLACKWOOD, Dec. 13",,,,Dec. 13,1913,
5694,"Little world, Golsworthy (A.) 6s. Littlestone (Gilbert)-The Nether millstone. Cr. 8vo. 73 X 5, pp. 380, 6s. WARD, L., Aug. 13","Little world, Golsworthy",A.,,"WARD, L.",6s.,8vo.,"Little world, Golsworthy (A.) 6s. Littlestone (Gilbert)-The Nether millstone. Cr. 8vo. 73 X 5, pp. 380, 6s. WARD, L., Aug. 13","A. Little world, Golsworthy","['Little world, Golsworthy (A.)']",,Aug. 13,1913,
5719,"Local Government Board (Ireland)--41st annual report, 1912–13. is. 9d. ....WYMAN, Sep. 13",Local Government Board,Ireland,,WYMAN,9d.,,"Local Government Board (Ireland)--41st annual report, 1912–13. is. 9d. ....WYMAN, Sep. 13",Ireland Local Government Board,['Local Government Board (Ireland)'],,Sep. 13,1913,
5722,"Local Government Board (Scotland)—18th annual report, 1912. is. rod. . . . . . . WYMAN, May 13",Local Government Board,Scotland,,WYMAN,,,"Local Government Board (Scotland)—18th annual report, 1912. is. rod. . . . . . . WYMAN, May 13",Scotland Local Government Board,['Local Government Board (Scotland)'],,May 13,1913,
5762,"Logging, Bryant (R. C.) 15s. net Logic. By various authors. 8vo. 9X51, pp. 280, 7s. 6d, net (Encyclopædia of the philoso- phical sciences) MACMILLAN, Sep. 13","Logging, Bryant",R. C.,,MACMILLAN,7s. 6d.,8vo.,"Logging, Bryant (R. C.) 155. net Logic. By various authors. 8vo. 9X51, pp. 280, 7s. 6d, net (Encyclopædia of the philoso- phical sciences) MACMILLAN, Sep. 13","R. C. Logging, Bryant","['Logging, Bryant (R. C.)']",,Sep. 13,1913,net
5775,"London, Thackeray's, Smith (F. H.) 15s. net London Traffic-5th report of the London Traffic Branch of the Board of Trade, 1912. 6s. WYMAN, Feb. 13","London, Thackeray's, Smith",F. H.,,WYMAN,6s.,,"London, Thackeray's, Smith (F. H.) 155. net London Traffic-5th report of the London Traffic Branch of the Board of Trade, 1912. 6s. WYMAN, Feb. 13","F. H. London, Thackeray's, Smith","[""London, Thackeray's, Smith (F. H.)""]",,Feb. 13,1913,
5781,"Longfellow birthday book (A.) 16mo. 4*X3}, 1s. net; Ithr. 2s. 60. net. (Langham birthday books, 3) . SIEGLE, H., Oct. 13",Longfellow birthday book,A.,,"SIEGLE, H.",,,"Longfellow birthday book (A.) 16mo. 4*X3}, Is. net; Ithr. 25. 60. net. (Langham birthday books, 3) . SIEGLE, H., Oct. 13",A. Longfellow birthday book,['Longfellow birthday book (A.)'],,Oct. 13,1913,
5804,"Lot's wife, Judd (A. M.) 6s.. Lotus gospel : World healers, Gordon (E. A.) 32s. 6d. net.. Loughlin (G. F.)-The Gabbros and associated rocks at Preston, Connecticut. (U.S. Geol. Surv.) Illus. 8vo. 9 X6, pp. 158, swd. 2s. 6d. net WESLEY, Mar. 13","Lot's wife, Judd",A. M.,,WESLEY,2s. 6d.,8vo.,"Lot's wife, Judd (A. M.) 6s.. Lotus gospel : World healers, Gordon (E. A.) 325. 6d. net.. Loughlin (G. F.)-The Gabbros and associated rocks at Preston, Connecticut. (U.S. Geol. Surv.) Illus. 8vo. 9 X6, pp. 158, swd. 2s. 6d. net WESLEY, Mar. 13","A. M. Lot's wife, Judd","[""Lot's wife, Judd (A. M.)""]",,Mar. 13,1913,net
5819,"Lunacy (Ireland)—62nd annual report of the inspectors of lunatics (Ireland), 1912. 11 d. WYMAX, Aug. 13",Lunacy,Ireland,,WYMAX,,,"Lunacy (Ireland)—62nd annual report of the inspectors of lunatics (Ireland), 1912. 11 d. WYMAX, Aug. 13",Ireland Lunacy,['Lunacy (Ireland)'],,Aug. 13,1913,
5820,"Lunacy (Scotland)-55th annual report of the General Board of Commissioners. s. id. WYMAN, June 13",Lunacy,Scotland,,WYMAN,,,"Lunacy (Scotland)-55th annual report of the General Board of Commissioners. IS. id. WYMAN, June 13",Scotland Lunacy,['Lunacy (Scotland)'],,June 13,1913,
5889,"Macaulay (Thonias Babington, Lord)—1ssay on Frederic the Great. Edit. by David Salmon. Cr. 8vo., 2s. ..........LONGMANS, June 13",Macaulay,"Thonias Babington, Lord",,LONGMANS,2s.,8vo.,"Macaulay (Thonias Babington, Lord)—Issay on Frederic the Great. Edit. by David Salmon. Cr. 8vo., 25. ..........LONGMANS, June 13","Thonias Babington, Lord Macaulay","['Macaulay (Thonias Babington, Lord)']",,June 13,1913,
5931,"Macdonald (Frank)-11is brother's shoes. Cr. 8vo. 71 X5, pp. 320, 6s. F. V. WHITE, Apr. 13",Macdonald,Frank,,F. V. WHITE,6s.,8vo.,"Macdonald (Frank)-11is brother's shoes. Cr. 8vo. 71 X5, pp. 320, 6s. F. V. WHITE, Apr. 13",Frank Macdonald,['Macdonald (Frank)'],,Apr. 13,1913,
6159,"Marriott (J. A. R.)-English political institutions. (Clarendon Press) H. MILFORD, J une 13",,,,H. MILFORD,,,"Marriott (J. A. R.)-English political institutions. (Clarendon Press) H. MILFORD, J une 13",,['Marriott (J. A. R.)-English political institutions. (Clarendon Press)'],,J une 13,1913,
6194,"Marshall (Mrs. Charles)—365 chafing dish recipes. 12mo., pp. 178, is. net...... DEAX, June 13",Marshall,Mrs. Charles,,DEAX,,12mo.,"Marshall (Mrs. Charles)—365 chafing dish recipes. 12mo., pp. 178, is. net...... DEAX, June 13",Mrs. Charles Marshall,['Marshall (Mrs. Charles)'],,June 13,1913,
6195,"Marshall (Mrs. Charles)-365 entrées. 12mo., pp. 218, 1s. net DEAN, Dec. 13",Marshall,Mrs. Charles,,DEAN,1s.,12mo.,"Marshall (Mrs. Charles)-365 entrées. 12mo., pp. 218, Is. net DEAN, Dec. 13",Mrs. Charles Marshall,['Marshall (Mrs. Charles)'],,Dec. 13,1913,net
6218,"Masks, Fleming (B.) 6s. Mason (A. de Witt)-Outlines of missionary history. 8vo., 6s, net ....HODDER & S., Jan. 13","Masks, Fleming",B.,,HODDER & S.,6s.,8vo.,"Masks, Fleming (B.) 6s. Mason (A. de Witt)-Outlines of missionary history. 8vo., 6s, net ....HODDER & S., Jan. 13","B. Masks, Fleming","['Masks, Fleming (B.)']",,Jan. 13,1913,net
6236,"Masterpieces, Meissonier (J. L. E.) 6d., is, net Masters (M. Smith-) see Smith-Masters. Masters (W. Caldwall)—Some Notes on the ancient church of St. Leonard, Stanton Fitz- warren, Wilts: and otherwise. Ryl. 8vo. 101 71, pp. 57, 48. 6d. . MOWBRAY, July, 13","Masterpieces, Meissonier",J. L. E.,,MOWBRAY,6d.,8vo.,"Masterpieces, Meissonier (J. L. E.) 6d., is, net Masters (M. Smith-) see Smith-Masters. Masters (W. Caldwall)—Some Notes on the ancient church of St. Leonard, Stanton Fitz- warren, Wilts: and otherwise. Ryl. 8vo. 101 71, pp. 57, 48. 6d. . MOWBRAY, July, 13","J. L. E. Masterpieces, Meissonier","['Masterpieces, Meissonier (J. L. E.)']",,"July, 13",1913,
6427,"Cr. 8vo., swd., 6d. net GOODSHIP HOUSE, A pr. 13",,,,GOODSHIP HOUSE,6d.,8vo.,"Cr. 8vo., swd., 6d. net GOODSHIP HOUSE, A pr. 13",,,,A pr. 13,1913,net
6428,"8X54, pp. 382, 58. ......HOLDEN & H., Nov.13",,,,HOLDEN & H.,,,"8X54, pp. 382, 58. ......HOLDEN & H., Nov.13",,,,Nov.13,1913,
6429,"WARNE, Apr. 13",,,,WARNE,,,"WARNE, Apr. 13",,,,Apr. 13,1913,
6434,"8vo, Swd. 5s, net........MACMILLAN, Nov. 13",,,,MACMILLAN,5s.,,"8vo, Swd. 5s, net........MACMILLAN, Nov. 13",,,,Nov. 13,1913,net
6435,"8vo, Swd. 78. 6d. net .... JACMILLAN, Mar. 13",,,,JACMILLAN,6d.,,"8vo, Swd. 78. 6d. net .... JACMILLAN, Mar. 13",,,,Mar. 13,1913,net
6439,"Cr. Svo., pp. 136, is, net.... .. JARROLD, Sep. 13",,,,JARROLD,,,"Cr. Svo., pp. 136, is, net.... .. JARROLD, Sep. 13",,,,Sep. 13,1913,
6443,"WYMAY, Apr. 13",,,,WYMAY,,,"WYMAY, Apr. 13",,,,Apr. 13,1913,
6445,"K. PAUL, Feb. 13",,,,K. PAUL,,,"K. PAUL, Feb. 13",,,,Feb. 13,1913,
6446,"K. PAUL, Jan. 13",,,,K. PAUL,,,"K. PAUL, Jan. 13",,,,Jan. 13,1913,
6448,"Milky way, Jesse (F. T.) 6s. Mignet (F. A. M.)--History of the French revolu- tion fron: 1789 to 1814. 12mo., pp. 484, s. net Mill (Hugh Robert)-The Realm of nature : (Bohn's top. lib.) . BELL, Oct. 13","Milky way, Jesse",F. T.,,BELL,,12mo.,"Milky way, Jesse (F. T.) 6s. Mignet (F. A. M.)--History of the French revolu- tion fron: 1789 to 1814. 12mo., pp. 484, IS. net Mill (Hugh Robert)-The Realm of nature : (Bohn's top. lib.) . BELL, Oct. 13","F. T. Milky way, Jesse","['Milky way, Jesse (F. T.)']",,Oct. 13,1913,
6451,"1912. Illus. Ryl. 8vo. 10 X7, pp. 414, 18s. net Millais (J. G.)-British diving ducks. (In 2 vols.) HEINEMANN, Jan. 13",,,,HEINEMANN,,8vo.,"1912. Illus. Ryl. 8vo. 10 X7, pp. 414, 18s. net Millais (J. G.)-British diving ducks. (In 2 vols.) HEINEMANN, Jan. 13",,,,Jan. 13,1913,
6452,"LONGMANS, Mar. 13",,,,LONGMANS,,,"LONGMANS, Mar. 13",,,,Mar. 13,1913,
6454,"IS., 2s. Νου. 13",,,,IS.,,,"IS., 25. Νου. 13",,,,2s. Νου. 13,1913,
6464,"Milton's astronomy, Orchard (T. N.) 7s. 6d. net Milton (W. A.)— Principles of educational wood- work. 8vo. 81X61, pp. 366, 6s. (Manual training) . BLACKIE, Sep. 13","Milton's astronomy, Orchard",T. N.,,BLACKIE,6s.,8vo.,"Milton's astronomy, Orchard (T. N.) 7s. 6d. net Milton (W. A.)— Principles of educational wood- work. 8vo. 81X61, pp. 366, 6s. (Manual training) . BLACKIE, Sep. 13","T. N. Milton's astronomy, Orchard","[""Milton's astronomy, Orchard (T. N.)""]",,Sep. 13,1913,
6498,"Minna, Gjellerup (K.) 6s.. Minnion (W. J.)-Topsy turvey: being shreds and patches of a Christmas dream. With music by Mrs. W. J. Minnion. Illus. by Chas. Robinson. 4!0. 101X 8, pp. 9), 5s. net “ CONNOISSEUR, Dec. 13","Minna, Gjellerup",K.,,CONNOISSEUR,,,"Minna, Gjellerup (K.) 65.. Minnion (W. J.)-Topsy turvey: being shreds and patches of a Christmas dream. With music by Mrs. W. J. Minnion. Illus. by Chas. Robinson. 4!0. 101X 8, pp. 9), 5s. net “ CONNOISSEUR, Dec. 13","K. Minna, Gjellerup","['Minna, Gjellerup (K.)']",,Dec. 13,1913,
6551,"Monologues, Middleton (R.) 5s. net........ Monroe (Paul) ed.-A Cyclopedia of education. Vol. 4. 4to. 11 X73, pp. 754, 2 is. net MACMILLAN, Apr. 13","Monologues, Middleton",R.,,MACMILLAN,,4to.,"Monologues, Middleton (R.) 55. net........ Monroe (Paul) ed.-A Cyclopedia of education. Vol. 4. 4to. 11 X73, pp. 754, 2 is. net MACMILLAN, Apr. 13","R. Monologues, Middleton","['Monologues, Middleton (R.)']",,Apr. 13,1913,
6611,"58. net MOORE'S Moore's Almanac, 1914. Cr. 8vo., swd. 6d. CASSELL, Sep. 13",,,,CASSELL,6d.,8vo.,"58. net MOORE'S Moore's Almanac, 1914. Cr. 8vo., swd. 6d. CASSELL, Sep. 13",,,,Sep. 13,1913,
6694,"Motion-picture work, Hulfish (D. S.) 17s. net Motley (John Lothrop)—The Rise of the Dutch Republic. 3 vols. 12mo., pp. 568, 566, 568, ea. is. net (Bohn's Standard library) BELL, A pr. 13","Motion-picture work, Hulfish",D. S.,,BELL,,12mo.,"Motion-picture work, Hulfish (D. S.) 175. net Motley (John Lothrop)—The Rise of the Dutch Republic. 3 vols. 12mo., pp. 568, 566, 568, ea. is. net (Bohn's Standard library) BELL, A pr. 13","D. S. Motion-picture work, Hulfish","['Motion-picture work, Hulfish (D. S.)']",,A pr. 13,1913,
6712,"Moulton (James Hope)-Early Zoroastrianism. (Hibbert lectures, and ser.) 8vo. 84 X5 , pp. 488, ios, 6d. net . WILLIAMS & N., Dec. 13",,,,WILLIAMS & N.,6d.,,"Moulton (James Hope)-Early Zoroastrianism. (Hibbert lectures, and ser.) 8vo. 84 X5 , pp. 488, ios, 6d. net . WILLIAMS & N., Dec. 13",,"['Moulton (James Hope)-Early Zoroastrianism. (Hibbert lectures,)', '-Early Zoroastrianism. (ser.)']",,Dec. 13,1913,net
6736,"Munro (James)-Canada (1535-present-day). Cr. Evo., pp. 128, 1s. net. (English history source books) ..BELL, June 13",,,,BELL,,,"Munro (James)-Canada (1535-present-day). Cr. Evo., pp. 128, Is. net. (English history source books) ..BELL, June 13",,['Munro (James)-Canada (1535-present-day)'],,June 13,1913,
6755,"Murray (M. A. Ancient Egyptian legends Ryl. 16mo. 64 x 41, pp. 120, 2s. net (Wisdom of the East) • MURRAY, Jan. 13",Murray,"M. A. Ancient Egyptian legends Ryl. 16mo. 64 x 41, pp. 120, 2s. net (Wisdom of the East",,MURRAY,,,"Murray (M. A. Ancient Egyptian legends Ryl. 16mo. 64 x 41, pp. 120, 25. net (Wisdom of the East) • MURRAY, Jan. 13","M. A. Ancient Egyptian legends Ryl. 16mo. 64 x 41, pp. 120, 2s. net (Wisdom of the East Murray","['Murray (M. A. Ancient Egyptian legends Ryl. 16mo. 64 x 41, pp. 120, 2s. net (Wisdom of the East)']",,Jan. 13,1913,
6787,"Nathalia, Whishaw (F.) 6s. Nathan's Common law of South Africa. Vols. I and 2. 2nd edit. 8vo., ea. 428. net BUTTERWORTH, May 13","Nathalia, Whishaw",F.,,BUTTERWORTH,,8vo.,"Nathalia, Whishaw (F.) 6s. Nathan's Common law of South Africa. Vols. I and 2. 2nd edit. 8vo., ea. 428. net BUTTERWORTH, May 13","F. Nathalia, Whishaw","['Nathalia, Whishaw (F.)']",,May 13,1913,
6810,"Navy_Naval saving bank account, id. (post free) WYMAN, Jan. 13",,,,WYMAN,,,"Navy_Naval saving bank account, id. (post free) WYMAN, Jan. 13",,,,Jan. 13,1913,
6834,"12mo., pp. 576, is. net..... .NELSON, Feb. 13",,,,NELSON,,,"12mo., pp. 576, is. net..... .NELSON, Feb. 13",,,,Feb. 13,1913,
6856,"New curate, Keedwell (H. M.) 1s, net. New cyclopædia of illustrative anecdotes (The) : religious and moral, original and selected. 8vo. 8 X54, pp. 576, 3s. 6d. net (Tools for teachers ser., .E. STOCK, Sep. 13","New curate, Keedwell",H. M.,,E. STOCK,,8vo.,"New curate, Keedwell (H. M.) Is, net. New cyclopædia of illustrative anecdotes (The) : religious and moral, original and selected. 8vo. 8 X54, pp. 576, 35. 6d. net (Tools for teachers ser., .E. STOCK, Sep. 13","H. M. New curate, Keedwell","['New curate, Keedwell (H. M.)']",,Sep. 13,1913,
6923,"Noble (Margaret E.) see Nivedita (Sister) Noble (Mrs. Nicholas)-Druidean the mystic, and other Irish stories. 12mo. 61 X5, pp. 93, 1s. (Dundalk) W. TEMPEST, Nov. 13",Noble,Margaret E.,,W. TEMPEST,1s.,,"Noble (Margaret E.) see Nivedita (Sister) Noble (Mrs. Nicholas)-Druidean the mystic, and other Irish stories. 12mo. 61 X5, pp. 93, Is. (Dundalk) W. TEMPEST, Nov. 13",Margaret E. Noble,['Noble (Margaret E.)'],,Nov. 13,1913,
7102,"Other Sara, Yorke (C.) 7d. net..... Others and she (The) ; by “ Him. Cr. 8vo., 6s. OUSELEY, Feb. 13","Other Sara, Yorke",C.,,OUSELEY,6s.,8vo.,"Other Sara, Yorke (C.) 7d. net..... Others and she (The) ; by “ Him. Cr. 8vo., 6s. OUSELEY, Feb. 13","C. Other Sara, Yorke","['Other Sara, Yorke (C.)']",,Feb. 13,1913,
7178,"Palmer (W. H.)—600 questions and 600 answers in elementary musical theory. Cr. 8vo., 28. net ; swd., 1s. net.... REEVES & TURNER, Apr. 13",Palmer,W. H.,,REEVES & TURNER,1s.,8vo.,"Palmer (W. H.)—600 questions and 600 answers in elementary musical theory. Cr. 8vo., 28. net ; swd., Is. net.... REEVES & TURNER, Apr. 13",W. H. Palmer,['Palmer (W. H.)'],,Apr. 13,1913,net
7205,"Parasite, Martin (H. R.) 6s. Parasitology. Quarterly. Ea. Ios. net CAMB. UNIV. PRESS, Feb., &c., 13","Parasite, Martin",H. R.,,CAMB. UNIV. PRESS,,,"Parasite, Martin (H. R.) 6s. Parasitology. Quarterly. Ea. Ios. net CAMB. UNIV. PRESS, Feb., &c., 13","H. R. Parasite, Martin","['Parasite, Martin (H. R.)']",,"Feb., &c., 13",1913,
7210,"MACMILLAN, May 13",,,,MACMILLAN,,,"MACMILLAN, May 13",,,,May 13,1913,
7227,"Parliament --House of Commons: refreshment and kitchen rooms report, id. (post free) WYMAN, Apr. 13",,,,WYMAN,,,"Parliament --House of Commons: refreshment and kitchen rooms report, id. (post free) WYMAN, Apr. 13",,,,Apr. 13,1913,
7314,"Pease (Sir Alfred E.-Some observations on the English land question. 8vo. swd. 2d. (Guisborough) STOKELD, Nov. 13",Pease,Sir Alfred E.-Some observations on the English land question. 8vo. swd. 2d. (Guisborough,,STOKELD,,,"Pease (Sir Alfred E.-Some observations on the English land question. 8vo. swd. 2d. (Guisborough) STOKELD, Nov. 13",Sir Alfred E.-Some observations on the English land question. 8vo. swd. 2d. (Guisborough Pease,['Pease (Sir Alfred E.-Some observations on the English land question. 8vo. swd. 2d. (Guisborough)'],,Nov. 13,1913,
7348,"5s. net , Pendered (Mary L.)--Phyllida flouts me. Cr. 8vo. 71 x 5, pp. 302, 6s....... MILLS & B., Jan. 13",,,,MILLS & B.,6s.,8vo.,"55. net , Pendered (Mary L.)--Phyllida flouts me. Cr. 8vo. 71 x 5, pp. 302, 6s....... MILLS & B., Jan. 13",,,,Jan. 13,1913,
7375,"Perrin (Alice) 1dolatry. Svo. swd. 6d. CHATTO, July 13",Perrin,Alice,,CHATTO,6d.,,"Perrin (Alice) Idolatry. Svo. swd. 6d. CHATTO, July 13",Alice Perrin,['Perrin (Alice)'],,July 13,1913,
7408,"DUCKWORTH, Oct. 13",,,,DUCKWORTH,,,"DUCKWORTH, Oct. 13",,,,Oct. 13,1913,
7457,"58. net Piers Plowman histories. Edit. by E. H. Spalding Junior, book 1, 9d. ; 2, s. ; _3, s. 3d. ; 4 is. 60.; 5, s; 8d. Cr. Svo. G. PHILIP, Mar. 13",,,,G. PHILIP,,,"58. net Piers Plowman histories. Edit. by E. H. Spalding Junior, book 1, 9d. ; 2, IS. ; _3, IS. 3d. ; 4 is. 60.; 5, IS; 8d. Cr. Svo. G. PHILIP, Mar. 13",,,,Mar. 13,1913,
7524,"Police (Scotland)—55th annual report, 1912. 8!d. WYMAN, Apr. 13",Police,Scotland,,WYMAN,,,"Police (Scotland)—55th annual report, 1912. 8!d. WYMAN, Apr. 13",Scotland Police,['Police (Scotland)'],,Apr. 13,1913,
7537,"Poor Law Orders (Departmental Committee on)- 1st Report. 9d... WYMAN, Aug. 13",Poor Law Orders,Departmental Committee on,,WYMAN,9d.,,"Poor Law Orders (Departmental Committee on)- Ist Report. 9d... WYMAN, Aug. 13",Departmental Committee on Poor Law Orders,['Poor Law Orders (Departmental Committee on)'],,Aug. 13,1913,
7797,"3s. 6d. 6s. • • • • • • • • net.... Red wood (Sir Boverton)-Petroleum. 3rd edit., rev. throughout and largely added to. 3 vols. 8vo. 9 X6, pp. 400, 422, 388, 50s. net C. GRIFFIN, May 13",,,,C. GRIFFIN,50s.,8vo.,"35. 6d. 6s. • • • • • • • • net.... Red wood (Sir Boverton)-Petroleum. 3rd edit., rev. throughout and largely added to. 3 vols. 8vo. 9 X6, pp. 400, 422, 388, 50s. net C. GRIFFIN, May 13",,,,May 13,1913,net
7856,"Rex, Thompson (L.) 2s. 60... Rey (Guido)-The Matterhorn. Cheaper edit. 4to., Ios. 6d. net ... UNWIN, Oct. 13","Rex, Thompson",L.,,UNWIN,6d.,4to.,"Rex, Thompson (L.) 25. 60... Rey (Guido)-The Matterhorn. Cheaper edit. 4to., Ios. 6d. net ... UNWIN, Oct. 13","L. Rex, Thompson","['Rex, Thompson (L.)']",,Oct. 13,1913,net
7960,"Ritchie (J.) see Pembrey (M. S.) and Ritchie. Ritchie (James) see Muir (R.) and Ritchie, Ritchie (John)-500 gospel illustrations, incideuts, and testimonies. 8vo. 1s. 6d. (Kilmarnock) J. RITCHIE, Jan, 13",Ritchie,J.,,J. RITCHIE,,,"Ritchie (J.) see Pembrey (M. S.) and Ritchie. Ritchie (James) see Muir (R.) and Ritchie, Ritchie (John)-500 gospel illustrations, incideuts, and testimonies. 8vo. Is. 6d. (Kilmarnock) J. RITCHIE, Jan, 13",J. Ritchie,"['Ritchie (J.)', '(Kilmarnock)']",,"Jan, 13",1913,
8034,"Robinson (T. R.) see Walker-Tisdale (c. w.) and Robinson Robinson (w.)-The English flower garden and home grounds. 12th edit. 8vo. 91 X54, pp. 1,002, 15s. net .MURRAY, Nov. 13",Robinson,T. R.,,MURRAY,15s.,8vo.,"Robinson (T. R.) see Walker-Tisdale (c. w.) and Robinson Robinson (w.)-The English flower garden and home grounds. 12th edit. 8vo. 91 X54, pp. 1,002, 155. net .MURRAY, Nov. 13",T. R. Robinson,['Robinson (T. R.)'],,Nov. 13,1913,net
8207,"Sainsbury (E. B. A Calendar of the court minutes, &c., of the East India Company, 1650- 1654. Intro. and notes by William Foster. 8vo., pp. 436, 12s. 6d. net (Clarendon Press) MILFORD, Nov. 13",Sainsbury,"E. B. A Calendar of the court minutes, &c., of the East India Company, 1650- 1654. Intro.",,MILFORD,,,"Sainsbury (E. B. A Calendar of the court minutes, &c., of the East India Company, 1650- 1654. Intro. and notes by William Foster. 8vo., pp. 436, 125. 6d. net (Clarendon Press) MILFORD, Nov. 13","E. B. A Calendar of the court minutes, &c., of the East India Company, 1650- 1654. Intro. Sainsbury","['Sainsbury (E. B. A Calendar of the court minutes, &c., of the East India Company, 1650- 1654. Intro.)', 'Sainsbury (notes by William Foster. 8vo., pp. 436, 12s. 6d. net (Clarendon Press)']",,Nov. 13,1913,
8280,"Savings Banks (Trustee)-21st annual report, 1912 2d... ... WYMAN, Jan, 13",Savings Banks,Trustee,,WYMAN,2d.,,"Savings Banks (Trustee)-21st annual report, 1912 2d... ... WYMAN, Jan, 13",Trustee Savings Banks,['Savings Banks (Trustee)'],,"Jan, 13",1913,
8299,"Schmidt (H.) see Harloff (W. H. T.) and Schmidt, Schmucker (S. C.)-The Meaning of evolution. Cr. 8vo., 6s. 6d. net......MACMILLAN, Oct. 13",Schmidt,H.,,MACMILLAN,6s. 6d.,8vo.,"Schmidt (H.) see Harloff (W. H. T.) and Schmidt, Schmucker (S. C.)-The Meaning of evolution. Cr. 8vo., 6s. 6d. net......MACMILLAN, Oct. 13",H. Schmidt,['Schmidt (H.)'],,Oct. 13,1913,net
8315,"Schulze (Ernst. K. F. -Bezauberte Rose, 16mo. 31 X2}, Ithr. is. net (Langham booklets in German).. .SIEGLE, H., Oct. 13",Schulze,"Ernst. K. F. -Bezauberte Rose, 16mo. 31 X2}, Ithr. is. net (Langham booklets in German",,"SIEGLE, H.",,,"Schulze (Ernst. K. F. -Bezauberte Rose, 16mo. 31 X2}, Ithr. is. net (Langham booklets in German).. .SIEGLE, H., Oct. 13","Ernst. K. F. -Bezauberte Rose, 16mo. 31 X2}, Ithr. is. net (Langham booklets in German Schulze","['Schulze (Ernst. K. F. -Bezauberte Rose, 16mo. 31 X2}, Ithr. is. net (Langham booklets in German)']",,Oct. 13,1913,
8455,"Shakespeare (William The Tragedy of Titus Andronicus. Edit. by E. E. Stoll. 16mo. 1s. net (Tudor Shakespeare) MACMILLAN, May 13",Shakespeare,William The Tragedy of Titus Andronicus. Edit. by E. E. Stoll. 16mo. 1s. net (Tudor Shakespeare,,MACMILLAN,,,"Shakespeare (William The Tragedy of Titus Andronicus. Edit. by E. E. Stoll. 16mo. Is. net (Tudor Shakespeare) MACMILLAN, May 13",William The Tragedy of Titus Andronicus. Edit. by E. E. Stoll. 16mo. 1s. net (Tudor Shakespeare Shakespeare,['Shakespeare (William The Tragedy of Titus Andronicus. Edit. by E. E. Stoll. 16mo. 1s. net (Tudor Shakespeare)'],,May 13,1913,
8461,"Shakespeare birthday book (A). 16mo. 43X2, s. net ; Ithr. 2s. 6d. net. (Langham birthday books, 5) SIEGLE, H., Nov. 13",Shakespeare birthday book,A,,"SIEGLE, H.",,,"Shakespeare birthday book (A). 16mo. 43X2, IS. net ; Ithr. 2s. 6d. net. (Langham birthday books, 5) SIEGLE, H., Nov. 13",A Shakespeare birthday book,['Shakespeare birthday book (A)'],,Nov. 13,1913,
8482,"She, Haggard (Sir H. R.) 7d. net. She-wolf, Formont (M.) 6s..... Sheane (A. W.) ed.-Jeremiah, together with the Lamentations in the Revised Version, with intro. and notes. 12mo., pp. 436, 3s. net (Cambridge Bible for schools and colleges) CAMB. UNIV. PRESS, May 13","She, Haggard",Sir H. R.,,CAMB. UNIV. PRESS,3s.,12mo.,"She, Haggard (Sir H. R.) 7d. net. She-wolf, Formont (M.) 6s..... Sheane (A. W.) ed.-Jeremiah, together with the Lamentations in the Revised Version, with intro. and notes. 12mo., pp. 436, 3s. net (Cambridge Bible for schools and colleges) CAMB. UNIV. PRESS, May 13","Sir H. R. She, Haggard","['She, Haggard (Sir H. R.)']",,May 13,1913,net
8537,"APPLETON, Mar. 13",,,,APPLETON,,,"APPLETON, Mar. 13",,,,Mar. 13,1913,
8597,"Slide-rule notes, Dunlop (H. C.) and Jackson (C. S.) 28. 6d. net... Sloan (J. D.)-Sloan-Duployan phonography : dictionary of selected words. Cr. 8vo., swd. is. SIMPKIN, Oct. 13","Slide-rule notes, Dunlop",H. C.,,SIMPKIN,,8vo.,"Slide-rule notes, Dunlop (H. C.) and Jackson (C. S.) 28. 6d. net... Sloan (J. D.)-Sloan-Duployan phonography : dictionary of selected words. Cr. 8vo., swd. is. SIMPKIN, Oct. 13","H. C. Slide-rule notes, Dunlop","['Slide-rule notes, Dunlop (H. C.)', 'Jackson (C. S.)']",,Oct. 13,1913,
8608,"Smile-a-while, Neilson (H. B.) and Davis (A.) 28. 6d. net... Smith (A. L.)-Church and State in the middle ages. 8vo. 9 X55, pp. 254, 7s. 6d. net. (The Ford Lectures, 1905) (Clarendon Press) MILFORD, July 13","Smile-a-while, Neilson",H. B.,,MILFORD,,8vo.,"Smile-a-while, Neilson (H. B.) and Davis (A.) 28. 6d. net... Smith (A. L.)-Church and State in the middle ages. 8vo. 9 X55, pp. 254, 7s. 6d. net. (The Ford Lectures, 1905) (Clarendon Press) MILFORD, July 13","H. B. Smile-a-while, Neilson","['Smile-a-while, Neilson (H. B.)', 'Davis (A.)']",,July 13,1913,
8610,"Smith (Arthur Hopewell-) see Hopewell-Smith. Smith (B. T. D.) see Foakes-Jackson (F. J.) and Smith, Smith (C. A. M.) and Warren (A. G.)-The New steam tables, together with their derivation and application. 8vo. 83 x5, pp. 114, 4s. net CONSTABLE, Jan. 13",Smith,Arthur Hopewell-,,CONSTABLE,4s.,,"Smith (Arthur Hopewell-) see Hopewell-Smith. Smith (B. T. D.) see Foakes-Jackson (F. J.) and Smith, Smith (C. A. M.) and Warren (A. G.)-The New steam tables, together with their derivation and application. 8vo. 83 x5, pp. 114, 4s. net CONSTABLE, Jan. 13",Arthur Hopewell- Smith,['Smith (Arthur Hopewell-)'],,Jan. 13,1913,net
8675,"Solitude, Gale (N.) 2s, net. Sollas (I. B. J.)-On Onychaster : a carboniferous brittle-star. 4to., pp. 12, is. net (Phil. trans., Royal Socicty). . DULAU, May 13","Solitude, Gale",N.,,DULAU,,4to.,"Solitude, Gale (N.) 2s, net. Sollas (I. B. J.)-On Onychaster : a carboniferous brittle-star. 4to., pp. 12, is. net (Phil. trans., Royal Socicty). . DULAU, May 13","N. Solitude, Gale","['Solitude, Gale (N.)']",,May 13,1913,
8740,"Spiritism, Of, Harris (Hon. J. W.) 2s. 6d. net Spiritism unveiled, Lanslots (D. I.) 2s. 6d. net Sports man's and tourist's guide to the rivers, lochs, moors and deer forests of Scotland, May, 1913. Cr. 8vo., swd. is. SIMPKIN, May 13","Spiritism, Of, Harris",Hon. J. W.,,SIMPKIN,,8vo.,"Spiritism, Of, Harris (Hon. J. W.) 25. 6d. net Spiritism unveiled, Lanslots (D. I.) 25. 6d. net Sports man's and tourist's guide to the rivers, lochs, moors and deer forests of Scotland, May, 1913. Cr. 8vo., swd. is. SIMPKIN, May 13","Hon. J. W. Spiritism, Of, Harris","['Spiritism, Of, Harris (Hon. J. W.)']",,May 13,1913,
8796,"4s. net State papers (Calendar of) : Milan, 1385 to 1618, 15s. 7d. (post free)...... ...... WYMAN, Mar. 13",,,,WYMAN,15s. 7d.,,"4s. net State papers (Calendar of) : Milan, 1385 to 1618, 155. 7d. (post free)...... ...... WYMAN, Mar. 13",,,,Mar. 13,1913,
8911,"12mo. 3s. net Stone (Darwell)—Divorce and re-marriage : an address on the Majority and Minority Reports of the Royal Commission on Divorce and Matrimonial Causes. 8vo., swd. is. net (Pusey House occasional papers, No. 7) LONGMANS, Jan. 13",,,,LONGMANS,,8vo.,"I 2mo. 3s. net Stone (Darwell)—Divorce and re-marriage : an address on the Majority and Minority Reports of the Royal Commission on Divorce and Matrimonial Causes. 8vo., swd. is. net (Pusey House occasional papers, No. 7) LONGMANS, Jan. 13",,,,Jan. 13,1913,
8940,"2s. od. Stories from the book of books. 4to., 3s. 6d. net J. F. SHAW, Nov. 13",,,,J. F. SHAW,3s. 6d.,4to.,"25. od. Stories from the book of books. 4to., 35. 6d. net J. F. SHAW, Nov. 13",,,,Nov. 13,1913,net
8944,"38. 60. . . . . Stratford-upon-Avon Festival-Handbook. With articles by various writers. Cr. 8vo., pp. 132, swd., s. net.. .G. ALLEN, Apr. 13",,,,G. ALLEN,,8vo.,"38. 60. . . . . Stratford-upon-Avon Festival-Handbook. With articles by various writers. Cr. 8vo., pp. 132, swd., IS. net.. .G. ALLEN, Apr. 13",,,,Apr. 13,1913,
8959,"Strang (Herbert)-Swift and sure. (Re-issue.) Cr. 8vo., pp. 242, is. net (Boys' new library) FROWDE, July 13",,,,FROWDE,,8vo.,"Strang (Herbert)-Swift and sure. (Re-issue.) Cr. 8vo., pp. 242, is. net (Boys' new library) FROWDE, July 13",,"['Strang (Herbert)-Swift', 'sure. (Re-issue.)']",,July 13,1913,
9031,"6d.. .WYMAN, Aug. 13",,,,WYMAN,6d.,,"6d.. .WYMAN, Aug. 13",,,,Aug. 13,1913,
9032,"Surgery, Abdominal, Mäylard (A. E.) 8s. 6d. net Surgery, Aids to, Cunning (J.) 49., 39. 6d. net Surgery, British Journal of. Vol. 1, No. 1, July, 1913. Illus. 4to. 7s. 6d. net (Bristol) J. WRIGHT, July 13","Surgery, Abdominal, Mäylard",A. E.,,J. WRIGHT,7s. 6d.,4to.,"Surgery, Abdominal, Mäylard (A. E.) 8s. 6d. net Surgery, Aids to, Cunning (J.) 49., 39. 6d. net Surgery, British Journal of. Vol. 1, No. 1, July, 1913. Illus. 4to. 75. 6d. net (Bristol) J. WRIGHT, July 13","A. E. Surgery, Abdominal, Mäylard","['Surgery, Abdominal, Mäylard (A. E.)']",,July 13,1913,net
9073,"8 wedish Chamber of Commerce in London (The) --- Year book, 1912. 8vo. 8* X51, pp. 212 HARRISON, June 13",,,,HARRISON,,8vo.,"8 wedish Chamber of Commerce in London (The) --- Year book, 1912. 8vo. 8* X51, pp. 212 HARRISON, June 13",,,,June 13,1913,
9144,"WYMAN, Mar. 13",,,,WYMAN,,,"WYMAN, Mar. 13",,,,Mar. 13,1913,
9149,"Taylor (G. W.) see Broster (D. K.) and Taylor. Taylor (H. L./The Story of Moses. Illus. by H. J. A. Miles and J. A. Symington. 8vo. 81 x6, pp. 96, bds. is. net (Great men of the Bible) .GARDNER, D., Oct. 13",Taylor,G. W.,,"GARDNER, D.",,,"Taylor (G. W.) see Broster (D. K.) and Taylor. Taylor (H. L./The Story of Moses. Illus. by H. J. A. Miles and J. A. Symington. 8vo. 81 x6, pp. 96, bds. is. net (Great men of the Bible) .GARDNER, D., Oct. 13",G. W. Taylor,"['Taylor (G. W.)', 'net (Great men of the Bible)']",,Oct. 13,1913,
9168,"Tennyson (Alfred, Lord). Illus. by Norman Ault. 16mo., pp. 144, 1s. 6d. net; bds. is. net. (The Children's poets) ..GARDNER, D., Nov. 13",Tennyson,"Alfred, Lord",,"GARDNER, D.",,16mo.,"Tennyson (Alfred, Lord). Illus. by Norman Ault. 16mo., pp. 144, Is. 6d. net; bds. is. net. (The Children's poets) ..GARDNER, D., Nov. 13","Alfred, Lord Tennyson","['Tennyson (Alfred, Lord)']",,Nov. 13,1913,
9252,"Thorndike (E. L.) see Strayer (G. D.) and Thorn- dike, Thorne (C. E.)-Farm manures. Cr. 8vo., 7s. 6d. net... . ROUTLEDGE, May 13",Thorndike,E. L.,,ROUTLEDGE,7s. 6d.,8vo.,"Thorndike (E. L.) see Strayer (G. D.) and Thorn- dike, Thorne (C. E.)-Farm manures. Cr. 8vo., 75. 6d. net... . ROUTLEDGE, May 13",E. L. Thorndike,['Thorndike (E. L.)'],,May 13,1913,net
9260,"Thoroughbred mongrel, Townsend (S.) 2s. 6d. net Thorp (Theodore)-Rob Roy: the story of a stag. 4to. 81 x6, pp. 144, 6s. net HODDER & S, Sep. 13","Thoroughbred mongrel, Townsend",S.,,HODDER & S,6s.,4to.,"Thoroughbred mongrel, Townsend (S.) 25. 6d. net Thorp (Theodore)-Rob Roy: the story of a stag. 4to. 81 x6, pp. 144, 6s. net HODDER & S, Sep. 13","S. Thoroughbred mongrel, Townsend","['Thoroughbred mongrel, Townsend (S.)']",,Sep. 13,1913,net
9411,"Truelove (H. E.) see Chaytor (H. J.) and Truelove Trumbull (Charles G.)- Messages for the morning watch : devotional studies in Genesis. Cr. 8vo. 74X41, pp. 192, 2s. 6d. net .. REVELL, Mar. 13",Truelove,H. E.,,REVELL,2s. 6d.,8vo.,"Truelove (H. E.) see Chaytor (H. J.) and Truelove Trumbull (Charles G.)- Messages for the morning watch : devotional studies in Genesis. Cr. 8vo. 74X41, pp. 192, 25. 6d. net .. REVELL, Mar. 13",H. E. Truelove,['Truelove (H. E.)'],,Mar. 13,1913,net
9547,"Vampire, Hodder (R.) 6s. Van boys and warehouse boys—Hours and conditions of employment of, 3d.; Minutes of evidence, is. rod..... WYMAN, July 13","Vampire, Hodder",R.,,WYMAN,,,"Vampire, Hodder (R.) 6s. Van boys and warehouse boys—Hours and conditions of employment of, 3d.; Minutes of evidence, is. rod..... WYMAN, July 13","R. Vampire, Hodder","['Vampire, Hodder (R.)']",,July 13,1913,
9569,"455, net Van Vorst (Marie)—The Broken bell. Cr. 8vo. 7i X5, pp. 286, 6s. .......CONSTABLE, May 13",,,,CONSTABLE,6s.,8vo.,"455, net Van Vorst (Marie)—The Broken bell. Cr. 8vo. 7i X5, pp. 286, 6s. .......CONSTABLE, May 13",,,,May 13,1913,
9614,"Victims, Willoughby (G) 6s..... Victor and Victorine, Frazer (Mme. J. G.) is. Victoria, Queen, Married life of, Jerrold (C.) 15s. net Victoria and Albert Museum-Drawings of old London. Illus. catalogue, 6d. MUSEUM, Aug 13","Victims, Willoughby",G,,MUSEUM,6d.,,"Victims, Willoughby (G) 6s..... Victor and Victorine, Frazer (Mme. J. G.) is. Victoria, Queen, Married life of, Jerrold (C.) 155. net Victoria and Albert Museum-Drawings of old London. Illus. catalogue, 6d. MUSEUM, Aug 13","G Victims, Willoughby","['Victims, Willoughby (G)']",,Aug 13,1913,
9760,"Washington, George, Wilson (W.) 7s. 6d. net Wason (Robert Alexander)-Friar Tuck. Cr. 8vo. 73 x5, pp. 462, 6s......... RICHARDS, Feb. 13","Washington, George, Wilson",W.,,RICHARDS,6s.,8vo.,"Washington, George, Wilson (W.) 75. 6d. net Wason (Robert Alexander)-Friar Tuck. Cr. 8vo. 73 x5, pp. 462, 6s......... RICHARDS, Feb. 13","W. Washington, George, Wilson","['Washington, George, Wilson (W.)']",,Feb. 13,1913,
9814,"Weather, Forecasting, Shaw (W. N.) 12s. 6d. net Weather lore, Medley of, Wright (M. E. S.) 2s. 6d. net Weather report-Appendix I, 1912, 4}d.; Appendix 2, 1912, is. ofd. (post free) WYMAN, Mar, 13","Weather, Forecasting, Shaw",W. N.,,WYMAN,,,"Weather, Forecasting, Shaw (W. N.) 125. 6d. net Weather lore, Medley of, Wright (M. E. S.) 25. 6d. net Weather report-Appendix I, 1912, 4}d.; Appendix 2, 1912, is. ofd. (post free) WYMAN, Mar, 13","W. N. Weather, Forecasting, Shaw","['Weather, Forecasting, Shaw (W. N.)']",,"Mar, 13",1913,
9842,"Webster (Valcolm R.) see Cescinsky (H.) and Webster, Webster (R. W.)-Diagnostic methods, chemical, bacteriological and microscopical. 3rd edit., rev. and enlarged. 8vo., 18s. net H. KIMPTON, Nov. 13",Webster,Valcolm R.,,H. KIMPTON,18s.,8vo.,"Webster (Valcolm R.) see Cescinsky (H.) and Webster, Webster (R. W.)-Diagnostic methods, chemical, bacteriological and microscopical. 3rd edit., rev. and enlarged. 8vo., 18s. net H. KIMPTON, Nov. 13",Valcolm R. Webster,['Webster (Valcolm R.)'],,Nov. 13,1913,net
9899,"5s. net verses. Westcott (E. N.)-The Teller. 12mo., pp. 126, s. net ...PEARSON, Apr. 13",,,,PEARSON,,12mo.,"55. net verses. Westcott (E. N.)-The Teller. 12mo., pp. 126, IS. net ...PEARSON, Apr. 13",,,,Apr. 13,1913,
9913,"Wharton (A. P.)-13 Simon Street: a play in one act. Cr. 8vo., swd., 6d. net S. FRENCH, Aug. 13",Wharton,A. P.,,S. FRENCH,6d.,8vo.,"Wharton (A. P.)-13 Simon Street: a play in one act. Cr. 8vo., swd., 6d. net S. FRENCH, Aug. 13",A. P. Wharton,['Wharton (A. P.)'],,Aug. 13,1913,net
9918,"8vo., 6s. net. .HODDER & S., Nov. 13",,,,HODDER & S.,6s.,,"8vo., 6s. net. .HODDER & S., Nov. 13",,,,Nov. 13,1913,net
10036,"SIEGLE, H., Aug. 13",,,,"SIEGLE, H.",,,"SIEGLE, H., Aug. 13",,,,Aug. 13,1913,
10096,"58. net an Sve? Williams (J. E. Hodder) ed. - The New precept upon precept. Ryl. 16mo. 61 x 41, pp. 236, s. 6d. net ..FROWDE, Oct. 13",,,,FROWDE,6d.,16mo.,"58. net an Sve? Williams (J. E. Hodder) ed. - The New precept upon precept. Ryl. 16mo. 61 x 41, pp. 236, IS. 6d. net ..FROWDE, Oct. 13",,,,Oct. 13,1913,net
10137,"Wilsam, Nethersole (S. C.) 6s..... Wilshere (A. M.)—The outlines of procedure in an action in the King's Bench. 2nd edit. 8vo. 7s. 6d...... ..SWEET & M., Mar. 13","Wilsam, Nethersole",S. C.,,SWEET & M.,7s. 6d.,8vo.,"Wilsam, Nethersole (S. C.) 65..... Wilshere (A. M.)—The outlines of procedure in an action in the King's Bench. 2nd edit. 8vo. 75. 6d...... ..SWEET & M., Mar. 13","S. C. Wilsam, Nethersole","['Wilsam, Nethersole (S. C.)']",,Mar. 13,1913,
10141,"3s. 6d. ........ s, Wilson (Daniel)—The Divine authority and perpetual obligation of the Lord's day. Cr. 8vo. 71 x 44, pp. 220, 1s. net C. J. THYNNE, July 13",,,,C. J. THYNNE,1s.,8vo.,"3s. 6d. ........ IS, Wilson (Daniel)—The Divine authority and perpetual obligation of the Lord's day. Cr. 8vo. 71 x 44, pp. 220, Is. net C. J. THYNNE, July 13",,,,July 13,1913,net
10168,"Wimberly (C. F.)-1s the Devil a myth? Cr. 8vo. 2s. od. net ...... REVELL, Sep. 13",Wimberly,C. F.,,REVELL,,8vo.,"Wimberly (C. F.)-Is the Devil a myth? Cr. 8vo. 25. od. net ...... REVELL, Sep. 13",C. F. Wimberly,['Wimberly (C. F.)'],,Sep. 13,1913,
10211,"Wondrous Passion, Drake (F. W.) 2s. 6d. net Jan. I Wonne (A.)- Jack Dane: a romance. Cr. 8vo. 6s. DRANE, Jan. 13","Wondrous Passion, Drake",F. W.,,DRANE,6s.,8vo.,"Wondrous Passion, Drake (F. W.) 25. 6d. net Jan. I Wonne (A.)- Jack Dane: a romance. Cr. 8vo. 6s. DRANE, Jan. 13","F. W. Wondrous Passion, Drake","['Wondrous Passion, Drake (F. W.)']",,Jan. 13,1913,
10271,"Words worth (William). Illus. by M. C. Tarrant and N. Buchanan. 16o., pp. 142, is. 6d. net ; bds. is, net. (The Children's poets) GARDNER, D., Nov. 13",Words worth,William,,"GARDNER, D.",,,"Words worth (William). Illus. by M. C. Tarrant and N. Buchanan. 16o., pp. 142, is. 6d. net ; bds. is, net. (The Children's poets) GARDNER, D., Nov. 13",William Words worth,['Words worth (William)'],,Nov. 13,1913,
10275,"Workmen's compensation, Willis (W. A.). 5s. net Work men's Compensation Act, 1906-Statistics 1912, 6d. WYMAN, Sep. 13","Workmen's compensation, Willis",W. A.,,WYMAN,6d.,,"Workmen's compensation, Willis (W. A.). 55. net Work men's Compensation Act, 1906-Statistics 1912, 6d. WYMAN, Sep. 13","W. A. Workmen's compensation, Willis","[""Workmen's compensation, Willis (W. A.)""]",,Sep. 13,1913,
10379," ELECTRICIAN, July 13",,,,ELECTRICIAN,,," ELECTRICIAN, July 13",,,,July 13,1913,
10381,"2s. 6d. net...... .J. BROWN, Jan. 13",,,,J. BROWN,2s. 6d.,,"25. 6d. net...... .J. BROWN, Jan. 13",,,,Jan. 13,1913,net
10385,"(Clarendon Press) MILFORD, Oct. 13",,,,MILFORD,,,"(Clarendon Press) MILFORD, Oct. 13",,,,Oct. 13,1913,
10386,"MACMILLAN, Sep. 13",,,,MACMILLAN,,,"MACMILLAN, Sep. 13",,,,Sep. 13,1913,
10389,"Young lady, Newte (H. W. C.) 6s..., Zinsser (F.)-Diseases of the mouth. 4to., 30s. net Young Lovell, Hueffer (F. M.) 6s. REBMAX, Mar. 13","Young lady, Newte",H. W. C.,,REBMAX,6s.,4to.,"Young lady, Newte (H. W. C.) 6s..., Zinsser (F.)-Diseases of the mouth. 4to., 30s. net Young Lovell, Hueffer (F. M.) 6s. REBMAX, Mar. 13","H. W. C. Young lady, Newte","['Young lady, Newte (H. W. C.)']",,Mar. 13,1913,
10390,"4to. 5s.... H. MARSHALL, Dec. 13",,,,H. MARSHALL,5s.,,"4to. 5s.... H. MARSHALL, Dec. 13",,,,Dec. 13,1913,
10394,"S. PAUL, Dec. 13",,,,S. PAUL,,,"S. PAUL, Dec. 13",,,,Dec. 13,1913,
10395,"78 X 5, pp. 288, 6s. ....LONG, Jan. 13",,,,LONG,6s.,,"78 X 5, pp. 288, 6s. ....LONG, Jan. 13",,,,Jan. 13,1913,
10396,"27 coloured plates. 8vo., bds. 8s. 6d. net S.P.C.K., Dec. 13",,,,S.P.C.K.,8s. 6d.,8vo.,"27 coloured plates. 8vo., bds. 8s. 6d. net S.P.C.K., Dec. 13",,,,Dec. 13,1913,net
