,entry,last_name,first_name,title,publisher,price,price_in_pounds,format,original_entry,author_name,creators,is_editor,date,is_net
11,"Acts—Upper Medway navigation and con- servancy 6s. 2d. ; London Electric Railway, 4s. 1}d.; Port of London, 61d.; Charles Skier's Charity, 60}. (post free) WYMAN, Sep. 11",,,Acts—Upper Medway navigation and con- servancy,WYMAN,,0.0,,"Acts—Upper Medway navigation and con- servancy 6s. 2d. ; London Electric Railway, 45. 1}d.; Port of London, 61d.; Charles Skier's Charity, 60}. (post free) WYMAN, Sep. 11",,,,Sep. 11,
12,"Acts-Weston-super-Mare gas, 9fd.; London Cemetery Company, 9td.; Luton water, 9fd.; Seaforth and Sefton junction railway, 6jd.; Dover Corporation, 6}d.; Chesham and District gas, 2s. 4d. (post free) WYMAN, Sep. ir Acts-Aberdeen Corporation order, 1911, s. 4d. ; Lloyd's Act, 9 d.; L.C.C. General powers, 6}d.; Drainage and improvement of lands: Ireland, 6 d.; Local Government Board's provisional orders: Gas, 9fd.; Gas Orders No. 2, 4s. 5d. (all post free) —WYMAN, Oct. 11",,,Acts-Weston-super-Mare gas,WYMAN,,0.0,,"Acts-Weston-super-Mare gas, 9fd.; London Cemetery Company, 9td.; Luton water, 9fd.; Seaforth and Sefton junction railway, 6jd.; Dover Corporation, 6}d.; Chesham and District gas, 25. 4d. (post free) WYMAN, Sep. ir Acts-Aberdeen Corporation order, 1911, IS. 4d. ; Lloyd's Act, 9 d.; L.C.C. General powers, 6}d.; Drainage and improvement of lands: Ireland, 6 d.; Local Government Board's provisional orders: Gas, 9fd.; Gas Orders No. 2, 4s. 5d. (all post free) —WYMAN, Oct. 11",,,,Oct. 11,
13,"Acts—London County Council Money, is. 7d. ; London County Council Tramways and Improvements, 2s. 7d. (post free) WYMAN, Od. 11",,,"Acts—London County Council Money, is",WYMAN,2s. 7d.,0.12916666666666668,,"Acts—London County Council Money, is. 7d. ; London County Council Tramways and Improvements, 25. 7d. (post free) WYMAN, Od. 11",,,,Od. 11,
17,"Agricultural statistics. Part 1, for 1910 (post free) 7d. WYMAN, Apr. 11",,,Agricultural statistics,WYMAN,7d.,0.029166666666666667,,"Agricultural statistics. Part 1, for 1910 (post free) 7d. WYMAN, Apr. 11",,,,Apr. 11,
18,"Agricultural statistics, Part 3 for 1910: Prices and supplies (post free), 11d. WYMAN, Aug. 11",,,"Agricultural statistics, Part",WYMAN,11d.,0.04583333333333333,,"Agricultural statistics, Part 3 for 1910: Prices and supplies (post free), 11d. WYMAN, Aug. 11",,,,Aug. 11,
19,"Agriculture and the State : England's foundation Mills (J. S.) is. net... . Apr. II Agriculture, Board of-Report of the Intelligence Division for 1909-10, 1s. 4d. WYMAN, Feb. II Agriculture (Board of)—Report of the Land Division, 1910 (post free), 4d. WYMAN, May 11",,,Agriculture and the State : England's foundation Mills (J. S.) is,WYMAN,4d.,0.016666666666666666,,"Agriculture and the State : England's foundation Mills (J. S.) is. net... . Apr. II Agriculture, Board of-Report of the Intelligence Division for 1909-10, Is. 4d. WYMAN, Feb. II Agriculture (Board of)—Report of the Land Division, 1910 (post free), 4d. WYMAN, May 11",,,,May 11,
25,"American annual of photography (The), 1911, 8yo.. swd. 3s. net . DAWBARN, Jan. 11",,,American annual of photography (The),DAWBARN,3s.,0.15,,"American annual of photography (The), 1911, 8yo.. swd. 3s. net . DAWBARN, Jan. 11",,,,Jan. 11,net
37,"Army-Field service manual, 1911 : Head- quarters units (post free) 3 d. WYMAN, Nov. II Army-Handbook, Maxim and small arms (post free) 4d....... ... WYMAN, Aug. Army-Manual of field engineering (post free), is. WYMAN, May II Army-Ordnance factories accounts, 1909-10 (post free), is. 70. WYMAN, Mar. II Army-Permanent fortifications for the Im- perial military training establishments (post free) 4s. 4d..... . WYMAN, Aug. 11",,,Army-Field service manual,WYMAN,4s. 4d.,0.21666666666666667,,"Army-Field service manual, 1911 : Head- quarters units (post free) 3 d. WYMAN, Nov. II Army-Handbook, Maxim and small arms (post free) 4d....... ... WYMAN, Aug. Army-Manual of field engineering (post free), is. WYMAN, May II Army-Ordnance factories accounts, 1909-10 (post free), is. 70. WYMAN, Mar. II Army-Permanent fortifications for the Im- perial military training establishments (post free) 45. 4d..... . WYMAN, Aug. 11",,,,Aug. 11,
38,"Army-Promotion Examinations, Officers of the Army, &c.; Report, May, 1911 (post free) is. 3d.... ..WYMAN, Aug. II Army-Report on health of Army for 1909, 2s. WYMAN, Feb. II Army-Stations of units, January, 2d. WYMAN, Jan. II Army-Territorial Force regulations, ist April 1911 (post free), 1}d......... WYMAN, May 11",,,"Army-Promotion Examinations, Officers of the Army, &c",WYMAN,,0.0,,"Army-Promotion Examinations, Officers of the Army, &c.; Report, May, 1911 (post free) is. 3d.... ..WYMAN, Aug. II Army-Report on health of Army for 1909, 2s. WYMAN, Feb. II Army-Stations of units, January, 2d. WYMAN, Jan. II Army-Territorial Force regulations, ist April 1911 (post free), 1}d......... WYMAN, May 11",,,,May 11,
42,"Astrology : Thousand and one notable nativities. ..Dec. II Astronomer Royal, Greenwich—Report (post free), 3d... WYMAN, Sep. 11",,,Astrology : Thousand and one notable nativities,WYMAN,3d.,0.0125,,"Astrology : Thousand and one notable nativities. ..Dec. II Astronomer Royal, Greenwich—Report (post free), 3d... WYMAN, Sep. 11",,,,Sep. 11,
63,"Bankruptcy law, Student's guide, Fausset (F. P.) 28. 6d. net ....Nov. II Bankruptcy report for 1910 (post free) 8}d. WYMAN, Sep. 11",,,"Bankruptcy law, Student's guide, Fausset (F. P.)",WYMAN,,0.0,,"Bankruptcy law, Student's guide, Fausset (F. P.) 28. 6d. net ....Nov. II Bankruptcy report for 1910 (post free) 8}d. WYMAN, Sep. 11",,,,Sep. 11,
106,"Bills—Local Government provisional order, No. 15, i }d. ; Hypothetic abolition (Scotland), 1}d.; Bridge and causeway (Gloucester) charity, id.; Chambers Institution public order confirmation, 2d. ; Dublin Parliamentary revising, 1d.; Townhead Street (Sheffield) Baptist Chapel charity, id. ; Merchant Shipping stevedores and trimmers, No. 2, id. (all post free). ... WYMAN, June II Bills—London poor, 6d. ; Pensions, Governors of Dominions, 2d.; Gas and water orders confirmation, 4d.; Gas orders, No. 4, 6 d. (all post free) .....WYMAN, May II Bills—Luggåge (Bicycles), 1 d.; Lunacy, Scot- land, Bill, 3 d. (post free).... WYMAN, Aug. II Bilis-Lunacy (post free) i}d. WYMAN, May 11",,,Bills—Local Government provisional order,WYMAN,,0.0,,"Bills—Local Government provisional order, No. 15, i }d. ; Hypothetic abolition (Scotland), 1}d.; Bridge and causeway (Gloucester) charity, id.; Chambers Institution public order confirmation, 2d. ; Dublin Parliamentary revising, Id.; Townhead Street (Sheffield) Baptist Chapel charity, id. ; Merchant Shipping stevedores and trimmers, No. 2, id. (all post free). ... WYMAN, June II Bills—London poor, 6d. ; Pensions, Governors of Dominions, 2d.; Gas and water orders confirmation, 4d.; Gas orders, No. 4, 6 d. (all post free) .....WYMAN, May II Bills—Luggåge (Bicycles), 1 d.; Lunacy, Scot- land, Bill, 3 d. (post free).... WYMAN, Aug. II Bilis-Lunacy (post free) i}d. WYMAN, May 11",,,,May 11,
107,"Bills-Maritime Conventions Bill, itd.; Stone- haven Harbour Order Confirmation Bill, itd. (post free) .. WYMAN, Nov. 11",,,"Bills-Maritime Conventions Bill, itd",WYMAN,,0.0,,"Bills-Maritime Conventions Bill, itd.; Stone- haven Harbour Order Confirmation Bill, itd. (post free) .. WYMAN, Nov. 11",,,,Nov. 11,
108,"Bills—Merchant shipping, stevedores and trim- mers, 1d.; thrift and credit societies, itd.; House letting and rating, Scotland, 2d. ; Asylums officers : Report, index, 2 d.; Permanent charges commutation, id. ; Copy- right Bill amendment, rid. (post free) WYMAN, Nov. II Bills National insurance : Clauses i to 11 as amended in Committee (post free) 2d. WYMAN, July 11",,,"Bills—Merchant shipping, stevedores and trim- mers",WYMAN,2d.,0.008333333333333333,,"Bills—Merchant shipping, stevedores and trim- mers, Id.; thrift and credit societies, itd.; House letting and rating, Scotland, 2d. ; Asylums officers : Report, index, 2 d.; Permanent charges commutation, id. ; Copy- right Bill amendment, rid. (post free) WYMAN, Nov. II Bills National insurance : Clauses i to 11 as amended in Committee (post free) 2d. WYMAN, July 11",,,,July 11,
109,"Bills—National insurance, Clauses 12 to 15, as amended, 1}d.; Local Government provisional order No. 7, 6 d. ; Small holdings and allot- ments, id. ; Rights of way, 1 d.; 1sle of Man, as amended, 1 d. (post free) WYMAN, Aug. 11",,,"Bills—National insurance, Clauses",WYMAN,,0.0,,"Bills—National insurance, Clauses 12 to 15, as amended, 1}d.; Local Government provisional order No. 7, 6 d. ; Small holdings and allot- ments, id. ; Rights of way, 1 d.; Isle of Man, as amended, 1 d. (post free) WYMAN, Aug. 11",,,,Aug. 11,
110,"Bills—National Insurance, showing the difference between the Bill as Introduced in the House of Commons and as passed by that House, 11 d.; National Insurance : Part 2, Unemployment; Explanatory memo, 1}d. (post free) W'YMAN, Dec. II Bills—Naval Prize Bill, 4 d. ; National Insurance : Lords' amendments, 1 d. ; Coal Mines : Lords' amendments, 2d., Small landholders (Scotland) Bill : amendments, 2 at id. each ; Rag flock : amendments, id. ; Coal mines, nd. ; Copyright, Lords' amendments, id. ; Metropolitan Police rate, id. ; Military manæuvres, i}d.; Resident Magistrates (Ire- land), id. ; Merchant shipping, id. (post free) WYMAN, Dec. II Bills—North British Railway superannuation fund, amendments, id.; County Courts, 3}d. (post free) ..WYMAN, Aug. II Bills.—Old age pensions, as amended, 2d. Places of worship enfranchisement, r}d. ; Conveyancing, 2d. ; Labourers (Ireland), ild.; Pensioners, Governors of Dominions, 1 d. India, High Courts, 1 d.; Education, care of children, 2d. ; Slaughter of animals, 2d. ; Consolidated Fund appropriation, 4d. (post free) . WYMAN, Aug. II Bills-Old age pensions Bill report, 2d. ; Slaughter of animals Bill report, i}d. ; National insurance Clauses 16-17, id. (post free) WYMAN, Aug. II Bills-Old age pensions, 2d. ; Edinburgh suburban electric tramways order, itd.; Dunfermline and district tramways order, 1 d. ; Protection of animals, 2!d. ; Inland fisheries (Ireland), id. (post free) . WYMAN, Aug. II Bills—Paisley Corporation order confirmation, 2d.; Illegal trawling (Scotland), {d.; Ayr- shire (Loch Bradan) water distribution order confirmation, 2}d. ; Police, Weekly rest day (Scotland), įd. W'YMAN, Feb. 11",,,"Bills—National Insurance, showing the difference between the Bill as Introduced in the House of Commons and as passed by that House",W'YMAN,,0.0,,"Bills—National Insurance, showing the difference between the Bill as Introduced in the House of Commons and as passed by that House, 11 d.; National Insurance : Part 2, Unemployment; Explanatory memo, 1}d. (post free) W'YMAN, Dec. II Bills—Naval Prize Bill, 4 d. ; National Insurance : Lords' amendments, 1 d. ; Coal Mines : Lords' amendments, 2d., Small landholders (Scotland) Bill : amendments, 2 at id. each ; Rag flock : amendments, id. ; Coal mines, nd. ; Copyright, Lords' amendments, id. ; Metropolitan Police rate, id. ; Military manæuvres, i}d.; Resident Magistrates (Ire- land), id. ; Merchant shipping, id. (post free) WYMAN, Dec. II Bills—North British Railway superannuation fund, amendments, id.; County Courts, 3}d. (post free) ..WYMAN, Aug. II Bills.—Old age pensions, as amended, 2d. Places of worship enfranchisement, r}d. ; Conveyancing, 2d. ; Labourers (Ireland), ild.; Pensioners, Governors of Dominions, 1 d. India, High Courts, 1 d.; Education, care of children, 2d. ; Slaughter of animals, 2d. ; Consolidated Fund appropriation, 4d. (post free) . WYMAN, Aug. II Bills-Old age pensions Bill report, 2d. ; Slaughter of animals Bill report, i}d. ; National insurance Clauses 16-17, id. (post free) WYMAN, Aug. II Bills-Old age pensions, 2d. ; Edinburgh suburban electric tramways order, itd.; Dunfermline and district tramways order, 1 d. ; Protection of animals, 2!d. ; Inland fisheries (Ireland), id. (post free) . WYMAN, Aug. II Bills—Paisley Corporation order confirmation, 2d.; Illegal trawling (Scotland), {d.; Ayr- shire (Loch Bradan) water distribution order confirmation, 2}d. ; Police, Weekly rest day (Scotland), įd. W'YMAN, Feb. 11",,,,Feb. 11,
111,"Bills—Parliament, 1d.; Calendar Reform, id. ; Under-Sheriffs, County Boroughs, Ireland, id.; Daylight Saving, id. ; Regulation of Railways, jd. .WYMAN, Feb. 11",,,Bills—Parliament,WYMAN,,0.0,,"Bills—Parliament, Id.; Calendar Reform, id. ; Under-Sheriffs, County Boroughs, Ireland, id.; Daylight Saving, id. ; Regulation of Railways, jd. .WYMAN, Feb. 11",,,,Feb. 11,
183,"Buster Brown's happy days. Oblong folio, bds. 3s. 6d. net..... ..DEAN, July 11",,,Buster Brown's happy days,DEAN,3s. 6d.,0.175,,"Buster Brown's happy days. Oblong folio, bds. 35. 6d. net..... ..DEAN, July 11",,,,July 11,net
214,"Census—Ireland: Preliminary report for 1911 (post free), 31d...... .WYMAN, May 11",,,Census—Ireland: Preliminary report for,WYMAN,31d.,0.12916666666666668,,"Census—Ireland: Preliminary report for 1911 (post free), 31d...... .WYMAN, May 11",,,,May 11,
232,"Civil engineer's pocket-bk., Trautwine (J. C.) 2 s. net. .Nov. II Civil procedure, Shearwood's. 6s. ..May 11, Civil Service, Cornering of the, Ammon (C. G.) id. Apr. II Civil Service-Estimates, 1911-12 : Class 8d. ; Class 4, 8d. ... WYMAN, Mar. II Civil Service estimates, supplementary, 1911-12 (post free), 21d. WYMAN, Aug. 11",,,Civil engineer's pocket-bk,WYMAN,21d.,0.0875,,"Civil engineer's pocket-bk., Trautwine (J. C.) 2 IS. net. .Nov. II Civil procedure, Shearwood's. 6s. ..May 11, Civil Service, Cornering of the, Ammon (C. G.) id. Apr. II Civil Service-Estimates, 1911-12 : Class 8d. ; Class 4, 8d. ... WYMAN, Mar. II Civil Service estimates, supplementary, 1911-12 (post free), 21d. WYMAN, Aug. 11",,,,Aug. 11,
233,"Civil Service-Supplementary estimates, 1910–11, re £476,427, 2 d..... . WYMAN, Feb. 11",,,Civil Service-Supplementary estimates,WYMAN,,0.0,,"Civil Service-Supplementary estimates, 1910–11, re £476,427, 2 d..... . WYMAN, Feb. 11",,,,Feb. 11,
234,"Civil Service-Rules and regulations (post free) s. 2 d...... WYMAN, May 11",,,Civil Service-Rules and regulations (post free) s,WYMAN,,0.0,,"Civil Service-Rules and regulations (post free) IS. 2 d...... WYMAN, May 11",,,,May 11,
235,"Civil Service rules, 1911 (post free), is, 2d. WYMAN, Aug. 11",,,Civil Service rules,WYMAN,2d.,0.008333333333333333,,"Civil Service rules, 1911 (post free), is, 2d. WYMAN, Aug. 11",,,,Aug. 11,
249,"Coal-gas, Radiation in explosions of, David (W. T.) 2s. net.... .Oct. II Coal mines Bill report (post free) is. 3d. WYMAN, Aug. 11",,,"Coal-gas, Radiation in explosions of, David (W. T.)",WYMAN,3d.,0.0125,,"Coal-gas, Radiation in explosions of, David (W. T.) 25. net.... .Oct. II Coal mines Bill report (post free) is. 3d. WYMAN, Aug. 11",,,,Aug. 11,
258,"Colonel's story, Pryor (Mrs. R. A.) 6s... Apr. II Colonel's story, Pryor (Mrs. R. A.) 6s. ....July II Colonial Office list (The), 1911. WATERLOW, Apr. II Colonial Reports-Bahamas (post free) 4}d. WYMAN, Sep. II Colonial Reports—British Guiana, 1909-10, 4d.; East Africa Protectorate, 1909-10, rod. WYMAN, Feb. 11","Colonel's story, Pryor",Mrs. R. A.,,WYMAN,,0.0,,"Colonel's story, Pryor (Mrs. R. A.) 6s... Apr. II Colonel's story, Pryor (Mrs. R. A.) 6s. ....July II Colonial Office list (The), 1911. WATERLOW, Apr. II Colonial Reports-Bahamas (post free) 4}d. WYMAN, Sep. II Colonial Reports—British Guiana, 1909-10, 4d.; East Africa Protectorate, 1909-10, rod. WYMAN, Feb. 11","Mrs. R. A. Colonel's story, Pryor","[""Colonel's story, Pryor (Mrs. R. A.)""]",,Feb. 11,
259,"Colonial reports—Malta, 1910–11 (post free) 7d. WYMAN, Sep. II Colonial reports : Mauritius for 1909, 4d. ; British Honduras, 1909, 31d. ; St. Vin- cent, 1909–10, 31d. ; Uganda, 1909–10, 5d. ; Southern Nigeria, 1909, 7d.; Trinidad and Tobago, 1909–10, 4d......... WYMAN, Feb. II Colonial Service Regulations, 1911 (post free), s, 1d. WYMAN, Sep. 11",,,Colonial reports—Malta,WYMAN,1d.,0.004166666666666667,,"Colonial reports—Malta, 1910–11 (post free) 7d. WYMAN, Sep. II Colonial reports : Mauritius for 1909, 4d. ; British Honduras, 1909, 31d. ; St. Vin- cent, 1909–10, 31d. ; Uganda, 1909–10, 5d. ; Southern Nigeria, 1909, 7d.; Trinidad and Tobago, 1909–10, 4d......... WYMAN, Feb. II Colonial Service Regulations, 1911 (post free), IS, Id. WYMAN, Sep. 11",,,,Sep. 11,
261,"Company laws in the British Empire: Analysis (post free) 5 d. WYMAN, Sep. 11",,,Company laws in the British Empire: Analysis (post free),WYMAN,,0.0,,"Company laws in the British Empire: Analysis (post free) 5 d. WYMAN, Sep. 11",,,,Sep. 11,
264,"Consular Reports, 1910—China, Shanghai, 2}d. ; Turkey, Beerut and the Coast of Syria, 2]d. (post free) . WYMAN, Aug. II Consular reports, 1910—Finances of Austria- Hungary, 3d. ; Finances of Servia, Ild. (post free).. WYMAN, Aug. II Consular Reports for 1910-France, Algeria, 6d. ; Russia, Riga, 5 d. ; Belgium trade, 1910-11, 4d. (post free)... .. WYMAN, Nov. II Consular Reports, 1910—France, Bordeaux, 4d.; Spain, Canary 1sles, 3d.; Norway, 51d.; Venezuela, Ciudad Bolivar, 3d. ; Greece, The Cyclades, 5d. (all post free) WYMAN, May 11",,,Consular Reports,WYMAN,5d.,0.020833333333333332,,"Consular Reports, 1910—China, Shanghai, 2}d. ; Turkey, Beerut and the Coast of Syria, 2]d. (post free) . WYMAN, Aug. II Consular reports, 1910—Finances of Austria- Hungary, 3d. ; Finances of Servia, Ild. (post free).. WYMAN, Aug. II Consular Reports for 1910-France, Algeria, 6d. ; Russia, Riga, 5 d. ; Belgium trade, 1910-11, 4d. (post free)... .. WYMAN, Nov. II Consular Reports, 1910—France, Bordeaux, 4d.; Spain, Canary Isles, 3d.; Norway, 51d.; Venezuela, Ciudad Bolivar, 3d. ; Greece, The Cyclades, 5d. (all post free) WYMAN, May 11",,,,May 11,
265,"Consular reports for 1910: France, Madagascar, 3d. ; China, Foochow, 3d. ; China, Hankow, ild.; China, Amoy, itd. ; China, Kiukiang, 4d. ; China, Chefoo, 5d. ; Germany, Dusseldorf, 4d.; Italy, Naples, 2}d. (all post free) WYMAN, July 11",,,Consular reports for,WYMAN,,0.0,,"Consular reports for 1910: France, Madagascar, 3d. ; China, Foochow, 3d. ; China, Hankow, ild.; China, Amoy, itd. ; China, Kiukiang, 4d. ; China, Chefoo, 5d. ; Germany, Dusseldorf, 4d.; Italy, Naples, 2}d. (all post free) WYMAN, July 11",,,,July 11,
266,"Consular Reports—Italy, Trade of Florence for WYMAN, Jan. II Consular Reports for 1910. Mexico, Salina Cruz, 14d. ; China, Nanking, 3d, ; Greece, Corfu, 2 d.; Netherlands, Java, 6}d. (post free) WYMAN, June II Consular Reports, 1910—Mexico, Vera Cruz, 2d. ; United States, Savannah, 6}d. ; Argentine Finances, 1909-10, 2d. (all post free) WYMAN, May II Consular reports—Morocco, Tangier, for 1909, 4d. WYMAN, Feb. II Consular reports--Muscat, 1909-10, itd.; Colombia, Cartagina for 1909, id. WYMAN, Jan. Il Consular Reports—Persia, Bunder Abbas, 1910- 11, 5d. ; Seychelles, 1910, 5d. (post free) WYMAN, Nov. II Consular reports—Persia, Mazanderan, 2fd. ; Russia, Vladivostock, 8d. (post free) WYMAN, Nov. II Consular Reports : Persia, Trade, 1909-10, 2d. ; Persia, Khorassan, 1910-11, 4d. (post free) WYMAN, Oct. II Consular reports—Poland, 1910 (post free) 7d. WYMAN, Oct. 11",,,"Consular Reports—Italy, Trade of Florence for WYMAN, Jan",WYMAN,7d.,0.029166666666666667,,"Consular Reports—Italy, Trade of Florence for WYMAN, Jan. II Consular Reports for 1910. Mexico, Salina Cruz, 14d. ; China, Nanking, 3d, ; Greece, Corfu, 2 d.; Netherlands, Java, 6}d. (post free) WYMAN, June II Consular Reports, 1910—Mexico, Vera Cruz, 2d. ; United States, Savannah, 6}d. ; Argentine Finances, 1909-10, 2d. (all post free) WYMAN, May II Consular reports—Morocco, Tangier, for 1909, 4d. WYMAN, Feb. II Consular reports--Muscat, 1909-10, itd.; Colombia, Cartagina for 1909, id. WYMAN, Jan. Il Consular Reports—Persia, Bunder Abbas, 1910- 11, 5d. ; Seychelles, 1910, 5d. (post free) WYMAN, Nov. II Consular reports—Persia, Mazanderan, 2fd. ; Russia, Vladivostock, 8d. (post free) WYMAN, Nov. II Consular Reports : Persia, Trade, 1909-10, 2d. ; Persia, Khorassan, 1910-11, 4d. (post free) WYMAN, Oct. II Consular reports—Poland, 1910 (post free) 7d. WYMAN, Oct. 11",,,,Oct. 11,
267,"Consular reports for 1910—Siam, Chungmai, 4d. ; Italy, Florence, 3}d. ; China, Trade, 4$d. (post free) . WYMAN, Aug. II Consular reports—Siam, Senggora (post free) 24d. WYMAN, Nov, II Consular reports, 1910— Trade of Chile, 3}d. ; Trade of Changsha, 2d. ; Persia, Kermanshah, 3}d. (post free). WYMAN, Aug. II Consular Reports— Trade of Port Said and Suez (post free) 6d..... . WYMAN, Sep. II Consular Reports—Turks and Caicos 1slands : Report for 1910, 1}d. ; Trade of French West Africa for 1910, 5d. (post free) WYMAN, July 11",,,Consular reports for,WYMAN,5d.,0.020833333333333332,,"Consular reports for 1910—Siam, Chungmai, 4d. ; Italy, Florence, 3}d. ; China, Trade, 4$d. (post free) . WYMAN, Aug. II Consular reports—Siam, Senggora (post free) 24d. WYMAN, Nov, II Consular reports, 1910— Trade of Chile, 3}d. ; Trade of Changsha, 2d. ; Persia, Kermanshah, 3}d. (post free). WYMAN, Aug. II Consular Reports— Trade of Port Said and Suez (post free) 6d..... . WYMAN, Sep. II Consular Reports—Turks and Caicos Islands : Report for 1910, 1}d. ; Trade of French West Africa for 1910, 5d. (post free) WYMAN, July 11",,,,July 11,
309,"Declaration of London correspondence (post free), 3d. WYMAN, July 11",,,Declaration of London correspondence (post free),WYMAN,3d.,0.0125,,"Declaration of London correspondence (post free), 3d. WYMAN, July 11",,,,July 11,
354,"Education, Infant Pritchard (E.) 28. net Feb. II Education (Intermediate) Board for Ireland- Report for 1910 (post free), 4d. WYMAN, Sep. II Education (Ireland)--Commissioners' report for 1910 (post free), 6fd.......WYMAN, June 11","Education, Infant Pritchard",E.,,WYMAN,,0.0,,"Education, Infant Pritchard (E.) 28. net Feb. II Education (Intermediate) Board for Ireland- Report for 1910 (post free), 4d. WYMAN, Sep. II Education (Ireland)--Commissioners' report for 1910 (post free), 6fd.......WYMAN, June 11","E. Education, Infant Pritchard","['Education, Infant Pritchard (E.)']",,June 11,
355,"Education-Provision of meals report, 1909-10 (post free), 2}d. WYMAN, July 11",,,Education-Provision of meals report,WYMAN,,0.0,,"Education-Provision of meals report, 1909-10 (post free), 2}d. WYMAN, July 11",,,,July 11,
356,"Educational Endowments (Departmental Com- mittee on)- vol. 2. Minutes of evidence (post free). 2s. 8d. · WYMAN, July 11",Educational Endowments,Departmental Com- mittee on,2. Minutes of evidence (post free),WYMAN,,0.0,,"Educational Endowments (Departmental Com- mittee on)- vol. 2. Minutes of evidence (post free). 25. 8d. · WYMAN, July 11",Departmental Com- mittee on Educational Endowments,['Educational Endowments (Departmental Com- mittee on)'],,July 11,
357,"Educational writings, Minor, Rousseau (J. J.) s, 60, net .Jan. Educational year book, Irish, 1911, 1s. net Jan. II Edward VII as a sportsman, Watson (A. E. T.) 218. net... May !I Edward the Peacemaker, Wilkins (W. H.) 16s. net . . Apr. II Edwardes (Tickner)—The Lore of the honey bee. 12n10., pp. 216, is. net.... METHUEN, May 11",,,"Educational writings, Minor, Rousseau (J. J.) s",METHUEN,,0.0,,"Educational writings, Minor, Rousseau (J. J.) IS, 60, net .Jan. Educational year book, Irish, 1911, Is. net Jan. II Edward VII as a sportsman, Watson (A. E. T.) 218. net... May !I Edward the Peacemaker, Wilkins (W. H.) 16s. net . . Apr. II Edwardes (Tickner)—The Lore of the honey bee. 12n10., pp. 216, is. net.... METHUEN, May 11",,,,May 11,
385,"Factory order re limewashing (post free) 1}d. WYMAN, July 11",,,Factory order re limewashing (post free),WYMAN,,0.0,,"Factory order re limewashing (post free) 1}d. WYMAN, July 11",,,,July 11,
418,"Forster (R. H.)–Midsummer morn. Cr. 74 X5, ..LONG, Jan. 11",Forster,R. H.,Midsummer morn,LONG,,0.0,,"Forster (R. H.)–Midsummer morn. Cr. 74 X5, ..LONG, Jan. 11",R. H. Forster,['Forster (R. H.)'],,Jan. 11,
443,"Gardens, Charm of English, Miller (W.) 15s. net Dec. II Gardens of England (The): In the northern counties. Ed. by Charles Holme. (Special No. of “ The Studio.) Folio 12 X8], 78. od. net swd., 5s. net OFFICE, May 11",,,"Gardens, Charm of English, Miller (W.)",OFFICE,5s.,0.25,,"Gardens, Charm of English, Miller (W.) 155. net Dec. II Gardens of England (The): In the northern counties. Ed. by Charles Holme. (Special No. of “ The Studio.) Folio 12 X8], 78. od. net swd., 55. net OFFICE, May 11",,,,May 11,net
456,"Gas, Producer. See Producer-gas. Gas Referees (Notification of), 1911, 1s. 6d. WYMAN, Jan. 11",,,"Gas, Producer",WYMAN,1s. 6d.,0.07500000000000001,,"Gas, Producer. See Producer-gas. Gas Referees (Notification of), 1911, Is. 6d. WYMAN, Jan. 11",,,,Jan. 11,
458,"Gasc's Little gem dictionary of the French and English languages. Edit. by Marc Ceppi. 12m0., pp. 288, is. net ; 1thr., 28. net BELL, July 11",,,Gasc's Little gem dictionary of the French and English languages,BELL,,0.0,,"Gasc's Little gem dictionary of the French and English languages. Edit. by Marc Ceppi. 12m0., pp. 288, is. net ; 1thr., 28. net BELL, July 11",,,,July 11,
472,"Gilbert (William S.)-Original plays. 4th ser. Fine-paper edit. 12 mo. 64 X4, pp. 482, 28. net; leather, 38. net .. CHATTO, Oct. 11",Gilbert,William S.,Original plays,CHATTO,,0.0,,"Gilbert (William S.)-Original plays. 4th ser. Fine-paper edit. 12 mo. 64 X4, pp. 482, 28. net; leather, 38. net .. CHATTO, Oct. 11",William S. Gilbert,['Gilbert (William S.)'],,Oct. 11,
479,"Girls of St. Bede's, Mockler (G.) 2s. 6d... Sep. II Girls' Own annual. Fol. 8s. .R.T.S., Sep. 11",,,Girls of St,R.T.S.,8s.,0.4,,"Girls of St. Bede's, Mockler (G.) 25. 6d... Sep. II Girls' Own annual. Fol. 8s. .R.T.S., Sep. 11",,,,Sep. 11,
555,"Heard (G. A.) see Potts (A. G.) and Heard. Heard (W. Nevill) —Things of time. Cr. Svo. 7} x 41, pp. 552, 6s.... . WATTS, June 11",Heard,G. A.,Things of time,WATTS,6s.,0.3,,"Heard (G. A.) see Potts (A. G.) and Heard. Heard (W. Nevill) —Things of time. Cr. Svo. 7} x 41, pp. 552, 6s.... . WATTS, June 11",G. A. Heard,"['Heard (G. A.)', 'Heard (W. Nevill)']",,June 11,
575,"Historia numorum, Head (B. V.) 428., 46s. net Mar. II Historiarum libri, Tacitus (Fisher) 4s., 3s. 6d. Jan. II Historical MSS. Commission-Historical manu- scripts of Lord Polwarth, Vol. 1., 3s. WYMAN, Feb. II Historical Manuscripts Commission—Marquess of Ormonde, Vol. 6. 3s. ...WYMAN, Feb. II Historical Manuscripts Commission-Report on the manuscripts of Lord Middleton (post free), 3s. 5d. . WYMAN, Aug. II Historical Manuscripts Commission Historical MSS. of Earl of Denbigh. Part 5 (post free), s. id. WYMAN, Sep. 11","Historia numorum, Head",B. V.,,WYMAN,,0.0,,"Historia numorum, Head (B. V.) 428., 46s. net Mar. II Historiarum libri, Tacitus (Fisher) 45., 35. 6d. Jan. II Historical MSS. Commission-Historical manu- scripts of Lord Polwarth, Vol. 1., 35. WYMAN, Feb. II Historical Manuscripts Commission—Marquess of Ormonde, Vol. 6. 35. ...WYMAN, Feb. II Historical Manuscripts Commission-Report on the manuscripts of Lord Middleton (post free), 3s. 5d. . WYMAN, Aug. II Historical Manuscripts Commission Historical MSS. of Earl of Denbigh. Part 5 (post free), IS. id. WYMAN, Sep. 11","B. V. Historia numorum, Head","['Historia numorum, Head (B. V.)']",,Sep. 11,
604,"Hope is king, Marshall (Ethel) 68.......Sep. II Hope of glory, Wilberforce (B.) is. net Mar. II Hope of the Gospel, Jones (J. D.) 6s.....Oct, II Hope : selection of general thoughts. 16nio. 31 X2), Ithr. is. net (Langham bookle!s, 84) SIEGLE, H., June 11",,,"Hope is king, Marshall (Ethel)","SIEGLE, H.",,0.0,,"Hope is king, Marshall (Ethel) 68.......Sep. II Hope of glory, Wilberforce (B.) is. net Mar. II Hope of the Gospel, Jones (J. D.) 6S.....Oct, II Hope : selection of general thoughts. 16nio. 31 X2), Ithr. is. net (Langham bookle!s, 84) SIEGLE, H., June 11",,,,June 11,
623,"Hume (David)- A Treatise on human nature, and other philosophical works. 2 vols. pp. 288, 338, each is, net ; Ithr. 2s. net (Every- man's library) DENT, Sep. 11",Hume,David,"A Treatise on human nature, and other philosophical works",DENT,2s.,0.1,,"Hume (David)- A Treatise on human nature, and other philosophical works. 2 vols. pp. 288, 338, each is, net ; Ithr. 25. net (Every- man's library) DENT, Sep. 11",David Hume,['Hume (David)'],,Sep. 11,net
641,"Insurance, Marine, Keate (S.) 2s. 6d. net Νου. ΙΙ Insurance, National, Martindale (J. B.) 3d. May II Insurance, National, Bill, Wood (H. K.) 2d. June II Insurance (National) Bill, I1d.; Explanatory Memo., i}d. ; Memo., 2}d. (all post free) WYMAN, May it Insurance (National) Bill: Replies to letters (post free) 3 d.... WYMAN, July 11","Insurance, Marine, Keate",S.,,WYMAN,,0.0,,"Insurance, Marine, Keate (S.) 25. 6d. net Νου. ΙΙ Insurance, National, Martindale (J. B.) 3d. May II Insurance, National, Bill, Wood (H. K.) 2d. June II Insurance (National) Bill, IId.; Explanatory Memo., i}d. ; Memo., 2}d. (all post free) WYMAN, May it Insurance (National) Bill: Replies to letters (post free) 3 d.... WYMAN, July 11","S. Insurance, Marine, Keate","['Insurance, Marine, Keate (S.)']",,July 11,
643,"Irish journalism, Fifty years of, Dunlop (A.) 5s. net ...Mar. II Irish Land Commission- Report 1910-11 (post free), s. iod. . WYMAN, Aug. 11",,,"Irish journalism, Fifty years of, Dunlop (A.)",WYMAN,,0.0,,"Irish journalism, Fifty years of, Dunlop (A.) 5s. net ...Mar. II Irish Land Commission- Report 1910-11 (post free), IS. iod. . WYMAN, Aug. 11",,,,Aug. 11,
645,"Irish Universities Act, 1908 : Appendix to the final report of the Dublin Commissioners (post free), 4s. 3d..... WYMAN, Oct. 11",,,Irish Universities Act,WYMAN,4s. 3d.,0.21250000000000002,,"Irish Universities Act, 1908 : Appendix to the final report of the Dublin Commissioners (post free), 4s. 3d..... WYMAN, Oct. 11",,,,Oct. 11,
647,"Ironside (John)— The Red symbol. Cr. Svo 74X4, pp. 350, 2s. net ..NASH, Jan. 11",Ironside,John,The Red symbol,NASH,2s.,0.1,,"Ironside (John)— The Red symbol. Cr. Svo 74X4, pp. 350, 25. net ..NASH, Jan. 11",John Ironside,['Ironside (John)'],,Jan. 11,net
670,"Jones (Bernard E.)-Hardening and tempering steel. Cr. Svo. 7! X5, pp. 128, 2s. CASSELL, Apr. 11",Jones,Bernard E.,Hardening and tempering steel,CASSELL,2s.,0.1,,"Jones (Bernard E.)-Hardening and tempering steel. Cr. Svo. 7! X5, pp. 128, 25. CASSELL, Apr. 11",Bernard E. Jones,['Jones (Bernard E.)'],,Apr. 11,
672,"Jones (E. Alfred)—The Gold and silver of Windsor Castle. Illus. Folio. 17 X13, pp. 316, 147s. (Letchworth) ARDEN PRESS, July 11",Jones,E. Alfred,The Gold and silver of Windsor Castle,ARDEN PRESS,147s.,7.35,,"Jones (E. Alfred)—The Gold and silver of Windsor Castle. Illus. Folio. 17 X13, pp. 316, 1475. (Letchworth) ARDEN PRESS, July 11",E. Alfred Jones,['Jones (E. Alfred)'],,July 11,
701,"Key notes and characteristics (remedies), Allen (H, C.) Ios. net... . Apr. II Key of the unknown, Corey (R. N.) 3s. 6d. Sep. u Key to all knowledge (The) 6d. net SIEGLE, H., July 11",,,"Key notes and characteristics (remedies), Allen (H, C.) Ios","SIEGLE, H.",6d.,0.025,,"Key notes and characteristics (remedies), Allen (H, C.) Ios. net... . Apr. II Key of the unknown, Corey (R. N.) 35. 6d. Sep. u Key to all knowledge (The) 6d. net SIEGLE, H., July 11",,,,July 11,net
720,"Lair (Jules)-Louise de la Vallière and the early life of Louis XIV. 12nio., pp. 350, s. net HUTCHINSON, June 11",Lair,Jules,Louise de la Vallière and the early life of Louis XIV,HUTCHINSON,,0.0,,"Lair (Jules)-Louise de la Vallière and the early life of Louis XIV. I2nio., pp. 350, IS. net HUTCHINSON, June 11",Jules Lair,['Lair (Jules)'],,June 11,
746,"Libel and slander, Law of, Odgers (W. B.) 35s. Aug. II Libel, Law of, Scotland (post free), 2d. WYMAN, Dec. 11.",,,"Libel and slander, Law of, Odgers (W. B.)",WYMAN,2d.,0.008333333333333333,,"Libel and slander, Law of, Odgers (W. B.) 355. Aug. II Libel, Law of, Scotland (post free), 2d. WYMAN, Dec. 11.",,,,Dec. 11,
750,"Little Communicant's Prayer Book (The). 32 mo., 4* X3, pp. 80, 2d., leatherette 6d., pastegrain is. M. H. GILL, July 11",,,Little Communicant's Prayer Book (The),M. H. GILL,,0.0,,"Little Communicant's Prayer Book (The). 32 mo., 4* X3, pp. 80, 2d., leatherette 6d., pastegrain is. M. H. GILL, July 11",,,,July 11,
772,"Lords, Roll of the, 2d. .WYMAN, Mar. 11",,,"Lords, Roll of the",WYMAN,2d.,0.008333333333333333,,"Lords, Roll of the, 2d. .WYMAN, Mar. 11",,,,Mar. 11,
800,"MacGill (P.)-Gleanings from a navvy's scrap book (poems). Swd. 6d. net (Londonderry) JOURNAL OFFICE, Sep. 11.",MacGill,P.,Gleanings from a navvy's scrap book (poems),JOURNAL OFFICE,6d.,0.025,,"MacGill (P.)-Gleanings from a navvy's scrap book (poems). Swd. 6d. net (Londonderry) JOURNAL OFFICE, Sep. 11.",P. MacGill,['MacGill (P.)'],,Sep. 11,net
802,"Macgregor (Mary)—The Story of France, told to Boys and Girls. Ryl. 8yo. 9 X6, pp. 486. 7s. 6d. net.. · JACK, July 11",Macgregor,Mary,"The Story of France, told to Boys and Girls",JACK,,0.0,,"Macgregor (Mary)—The Story of France, told to Boys and Girls. Ryl. 8yo. 9 X6, pp. 486. 75. 6d. net.. · JACK, July 11",Mary Macgregor,['Macgregor (Mary)'],,July 11,
889,"Mines and Quarries district statistics, 1910 (post frec), 8d. .WYMAN, Aug. II Mines and quarries (Metalliferous)—Daily Evidence, January ea. (post free) is. old. WYMAN, Aug. 11",,,Mines and Quarries district statistics,WYMAN,,0.0,,"Mines and Quarries district statistics, 1910 (post frec), 8d. .WYMAN, Aug. II Mines and quarries (Metalliferous)—Daily Evidence, January ea. (post free) is. old. WYMAN, Aug. 11",,,,Aug. 11,
896,"Montaigne (Michael E. de)-Essays : a selection. Molly's decision, Tiddeman (L. E.) 2s. 60. Oct. II ihmo. 31 X2), ithr. is. net (Langham booklets, Mome-Off-Wheeler ballads, 2s. 6d net Mar, II 86) SIEGLE, H., July 11",Montaigne,Michael E. de,Essays : a selection,"SIEGLE, H.",,0.0,,"Montaigne (Michael E. de)-Essays : a selection. Molly's decision, Tiddeman (L. E.) 25. 60. Oct. II ihmo. 31 X2), ithr. is. net (Langham booklets, Mome-Off-Wheeler ballads, 2s. 6d net Mar, II 86) SIEGLE, H., July 11",Michael E. de Montaigne,['Montaigne (Michael E. de)'],,July 11,
899,"Monier-Williams (Sir Monier)-Sakoontala. 35, 6d. Montrésor (F. F.)-The One who looked on. Mar. I112mo., 7d. net........ HUTCHINSON, July 11",Monier-Williams,Sir Monier,Sakoontala,HUTCHINSON,7d.,0.029166666666666667,,"Monier-Williams (Sir Monier)-Sakoontala. 35, 6d. Montrésor (F. F.)-The One who looked on. Mar. II 12mo., 7d. net........ HUTCHINSON, July 11",Sir Monier Monier-Williams,['Monier-Williams (Sir Monier)'],,July 11,net
900,"Monkey-folk of S. Africa, Fitzsimons (F. W.) 5s. Monuments (Ancient) and Historical Buildings : net Sep. 11 Report (post free), 3}d. .... WYMAN, May 11",,,"Monkey-folk of S. Africa, Fitzsimons (F. W.)",WYMAN,,0.0,,"Monkey-folk of S. Africa, Fitzsimons (F. W.) 5s. Monuments (Ancient) and Historical Buildings : net Sep. 11 Report (post free), 3}d. .... WYMAN, May 11",,,,May 11,
901,"Monopoly and competition, Levy (H.) 1os. net Monuments in the County of Caithness (Third Oct. II Report and Inventory of). (Post free) 7s. 1d. Monro (Harold)- Judas: a porm. Cr. Svo. is. WYMAN, Oct. II net .LOW, Feb. 11",,,"Monopoly and competition, Levy (H.)",LOW,,0.0,,"Monopoly and competition, Levy (H.) 1os. net Monuments in the County of Caithness (Third Oct. II Report and Inventory of). (Post free) 7s. Id. Monro (Harold)- Judas: a porm. Cr. Svo. is. WYMAN, Oct. II net .LOW, Feb. 11",,,,Feb. 11,
919,"Morrison (Arthur)--The Painters of Japan. Illus. 2 vols. Folio, 152 x 10), pp. 170, 140, 105s. net JACK, July 11",Morrison,Arthur,The Painters of Japan,JACK,105s.,5.25,,"Morrison (Arthur)--The Painters of Japan. Illus. 2 vols. Folio, 152 x 10), pp. 170, 140, 1055. net JACK, July 11",Arthur Morrison,['Morrison (Arthur)'],,July 11,net
931,"Navigation, New, Cross (F. C.) 2s, net.... Dec. II Navy and its story, White (A.) 28. 6d.. .Νου. ΙΙ Navy, British, Story of the, Chatterton (E. K.) Ios. 6d. net ..Apr. II Navy, Charity and the, Yexley (L.) 3d. net Jan. II Navy: Coronation review, Officiai programme. 6d. net · June II Navy-Examination papers for Naval officers in modern foreign languages, January, 1911 (post free), is. id. WYMAN, May 11","Navigation, New, Cross",F. C.,,WYMAN,,0.0,,"Navigation, New, Cross (F. C.) 2s, net.... Dec. II Navy and its story, White (A.) 28. 6d.. .Νου. ΙΙ Navy, British, Story of the, Chatterton (E. K.) Ios. 6d. net ..Apr. II Navy, Charity and the, Yexley (L.) 3d. net Jan. II Navy: Coronation review, Officiai programme. 6d. net · June II Navy-Examination papers for Naval officers in modern foreign languages, January, 1911 (post free), is. id. WYMAN, May 11","F. C. Navigation, New, Cross","['Navigation, New, Cross (F. C.)']",,May 11,
932,"Navy-Fleets : Great Britain and Foreign Countries, Return (post free) rod. WYMAN, May 11",,,"Navy-Fleets : Great Britain and Foreign Countries, Return (post free) rod",WYMAN,,0.0,,"Navy-Fleets : Great Britain and Foreign Countries, Return (post free) rod. WYMAN, May 11",,,,May 11,
933,"Navy—Instructions for Naval landing parties (post free) 8d. ..WYMAN, Mar. II Navy-Navy Hydrographers : Report for 1910 post free), 2jd. ... ....WYMAN, July 11",,,Navy—Instructions for Naval landing parties (post free),WYMAN,,0.0,,"Navy—Instructions for Naval landing parties (post free) 8d. ..WYMAN, Mar. II Navy-Navy Hydrographers : Report for 1910 post free), 2jd. ... ....WYMAN, July 11",,,,July 11,
934,"Navy-Royal Naval Reserve: Regulations, Officers (post free), 5d. .WYMAN, May 11",,,"Navy-Royal Naval Reserve: Regulations, Officers (post free)",WYMAN,5d.,0.020833333333333332,,"Navy-Royal Naval Reserve: Regulations, Officers (post free), 5d. .WYMAN, May 11",,,,May 11,
952,"Nolloth (Charles Frederick) — The Historic per- sonality of Christ. Swd., 3d...S.P.C.K., Sep. 11",Nolloth,Charles Frederick,The Historic per- sonality of Christ,S.P.C.K.,3d.,0.0125,,"Nolloth (Charles Frederick) — The Historic per- sonality of Christ. Swd., 3d...S.P.C.K., Sep. 11",Charles Frederick Nolloth,['Nolloth (Charles Frederick)'],,Sep. 11,
979,"Parliament, Members of : Return of names, &c. (post free), 5d. ..WYMAN, Dec. II Parliament-Report of Select Committee on publications and debates, with proceedings (post free) Iid.... . WYMAN, Aug. 11",,,"Parliament, Members of : Return of names, &c",WYMAN,,0.0,,"Parliament, Members of : Return of names, &c. (post free), 5d. ..WYMAN, Dec. II Parliament-Report of Select Committee on publications and debates, with proceedings (post free) Iid.... . WYMAN, Aug. 11",,,,Aug. 11,
1000,"Perpetua, Calthrop (D. C.) 6s. .Mar. II Perpetual Calendar. On card. 6d. net SIMPKIN, Sep. 11","Perpetua, Calthrop",D. C.,,SIMPKIN,6d.,0.025,,"Perpetua, Calthrop (D. C.) 6s. .Mar. II Perpetual Calendar. On card. 6d. net SIMPKIN, Sep. 11","D. C. Perpetua, Calthrop","['Perpetua, Calthrop (D. C.)']",,Sep. 11,net
1013,"Pilotage, Report of Departmental Committee on, (post free), is. 3d. ....... WYMAN, Mar. 11",,,"Pilotage, Report of Departmental Committee on, (post free), is",WYMAN,3d.,0.0125,,"Pilotage, Report of Departmental Committee on, (post free), is. 3d. ....... WYMAN, Mar. 11",,,,Mar. 11,
1027,"Postgate (I. J.)-My bird love: a true story. 16.no bds. 1s. net ..BELL, June 11",Postgate,I. J.,My bird love: a true story,BELL,1s.,0.05,,"Postgate (I. J.)-My bird love: a true story. 16.no bds. Is. net ..BELL, June 11",I. J. Postgate,['Postgate (I. J.)'],,June 11,net
1040,"Prison-ministry of St. Paul, Drury (T. W.) 29. 6d. Feb. II Prison report for Scotland, 1910 (post free), is. 3d. WYMAN, May 11",,,Prison-ministry of St,WYMAN,3d.,0.0125,,"Prison-ministry of St. Paul, Drury (T. W.) 29. 6d. Feb. II Prison report for Scotland, 1910 (post free), is. 3d. WYMAN, May 11",,,,May 11,
1079,"Rickards (Marcus S. C.)--Musical echoes (poems). 8vo. 71 X5, pp. 138, 4s. 6d. net J. BAKER, May II Ricketts (C.)-A Century of Art, 1810-1910. [Exhib. at Grafton Gallery.] Svo. 7X41, pp. 38, is. (24, Bury Street), CARFAX, July 11",,,,CARFAX,,0.0,,"Rickards (Marcus S. C.)--Musical echoes (poems). 8vo. 71 X5, pp. 138, 45. 6d. net J. BAKER, May II Ricketts (C.)-A Century of Art, 1810-1910. [Exhib. at Grafton Gallery.] Svo. 7X41, pp. 38, is. (24, Bury Street), CARFAX, July 11",,['Rickards (Marcus S. C.)--Musical echoes (poems)'],,July 11,
1116,"Sainte-Beuve (C. A.)-Causeries du Lundi. Vol. 8, Oct. 1851 to Dec., 1851. 12m0., pp. 238, is. net (New universal library) ROUTLEDGE, July 11",Sainte-Beuve,C. A.,Causeries du Lundi,ROUTLEDGE,,0.0,,"Sainte-Beuve (C. A.)-Causeries du Lundi. Vol. 8, Oct. 1851 to Dec., 1851. 12m0., pp. 238, is. net (New universal library) ROUTLEDGE, July 11",C. A. Sainte-Beuve,['Sainte-Beuve (C. A.)'],,July 11,
1178,"Slaves of Allah, Burgin (G. B.) 6d. . Apr. II Slavonic languages, Position of, Forbes (N.) is. net Jan. II Sleep well, How to. 60, net... July II Sleeping sickness Commission---Reports No. II (post free) 7s. 5d. WYMAN, Oct. 11",,,"Slaves of Allah, Burgin (G. B.)",WYMAN,7s. 5d.,0.3708333333333333,,"Slaves of Allah, Burgin (G. B.) 6d. . Apr. II Slavonic languages, Position of, Forbes (N.) is. net Jan. II Sleep well, How to. 60, net... July II Sleeping sickness Commission---Reports No. II (post free) 75. 5d. WYMAN, Oct. 11",,,,Oct. 11,
1192,"Sportsman's block calendar, 1912 : with quotation from Jorrocks for every in the year. is. net . SIMPKIN, Nov. 11",,,Sportsman's block calendar,SIMPKIN,,0.0,,"Sportsman's block calendar, 1912 : with quotation from Jorrocks for every in the year. is. net . SIMPKIN, Nov. 11",,,,Nov. 11,
1198,"State Papers (Calendar of): America and West Indies, 1701 (post free) 15s. 7d. WYMAN, May il State Papers (Calendar of) : Domestic, 1677–1678 (post free) 15s. 6d..... .. WYMAN, May II State Papers, Calendar of (Ireland), 1669-1670 (post free) 15s. 6d. . WYMAN, May 11",State Papers,Calendar of,America and West Indies,WYMAN,15s. 6d.,0.775,,"State Papers (Calendar of): America and West Indies, 1701 (post free) 155. 7d. WYMAN, May il State Papers (Calendar of) : Domestic, 1677–1678 (post free) 155. 6d..... .. WYMAN, May II State Papers, Calendar of (Ireland), 1669-1670 (post free) 155. 6d. . WYMAN, May 11",Calendar of State Papers,['State Papers (Calendar of)'],,May 11,
1199,"Statutes-Chronological Index to, 1235-1910 (post free), s. 2d......... WYMAN, May 11",,,Statutes-Chronological Index to,WYMAN,2d.,0.008333333333333333,,"Statutes-Chronological Index to, 1235-1910 (post free), IIS. 2d......... WYMAN, May 11",,,,May 11,
1203,"Steinlen and his art. 24 cartoons. Folio 154 XII, Ios. 6d. net..... .CHATTO, Od. 11",,,Steinlen and his art,CHATTO,6d.,0.025,,"Steinlen and his art. 24 cartoons. Folio 154 XII, Ios. 6d. net..... .CHATTO, Od. 11",,,,Od. 11,net
1215,"Stirling (George)-Notes dispensing for pharmaceutical students. 5th edit., inter- leaved, limp, is. 60. net (Liverpool) J. GOWER, Nov. 11",Stirling,George,Notes dispensing for pharmaceutical students,J. GOWER,,0.0,,"Stirling (George)-Notes dispensing for pharmaceutical students. 5th edit., inter- leaved, limp, is. 60. net (Liverpool) J. GOWER, Nov. 11",George Stirling,['Stirling (George)'],,Nov. 11,
1225,"Strenuous life, Roosevelt (T.) is. net...... Jan. II Strenuous life, Roosevelt (T.) 2s. 6d, net ..Feb. II Stresses, Deflections and, Hudson (C. W.) 15s. net Not. II Strike, Universal, Oakhurst (W.) 6d. net Sep. II Strikes and Lockouts : Report for 1910 (post free) 8{d..... WYMAN, Sep. 11","Strenuous life, Roosevelt",T.,Jan,WYMAN,,0.0,,"Strenuous life, Roosevelt (T.) is. net...... Jan. II Strenuous life, Roosevelt (T.) 25. 6d, net ..Feb. II Stresses, Deflections and, Hudson (C. W.) 155. net Not. II Strike, Universal, Oakhurst (W.) 6d. net Sep. II Strikes and Lockouts : Report for 1910 (post free) 8{d..... WYMAN, Sep. 11","T. Strenuous life, Roosevelt","['Strenuous life, Roosevelt (T.)']",,Sep. 11,
1228,"Studio (The) Vol. 51. Folio 6s. net OFFICE, Mar. II Studio (The), Vol. 52. Folio, 6s, net OFFICE, July 11",,,Studio (The) Vol,OFFICE,6s.,0.3,,"Studio (The) Vol. 51. Folio 6s. net OFFICE, Mar. II Studio (The), Vol. 52. Folio, 6s, net OFFICE, July 11",,,,July 11,net
1231,"Swinburne's lyrics and epics, Language of, Serner (G.) 2s. 6d. net.... ....May II 8 wine Fever: Departmental Committee's report (post free) 2}d. WYMAN, May 11",,,"Swinburne's lyrics and epics, Language of, Serner (G.)",WYMAN,,0.0,,"Swinburne's lyrics and epics, Language of, Serner (G.) 25. 6d. net.... ....May II 8 wine Fever: Departmental Committee's report (post free) 2}d. WYMAN, May 11",,,,May 11,
1266,"Tuberculosis Commission : Final Report, Vol. 2, Pt. 2 (post free), 4s. 8d..... WYMAN, Sep. II Tuberculosis (Royal Commission on)-Final report (post free) 7d. WYMAN, July 11",,,"Tuberculosis Commission : Final Report, Vol",WYMAN,7d.,0.029166666666666667,,"Tuberculosis Commission : Final Report, Vol. 2, Pt. 2 (post free), 4s. 8d..... WYMAN, Sep. II Tuberculosis (Royal Commission on)-Final report (post free) 7d. WYMAN, July 11",,,,July 11,
1276,"Under the storm, Yonge (C. M.) 3s. 60. ..Oct. II Under the Swedish colours, Judd (F. A.) 2s. 6d., s, net.. ..0d. 11",,,,,,0.0,,"Under the storm, Yonge (C. M.) 35. 60. ..Oct. II Under the Swedish colours, Judd (F. A.) 25. 6d., IS, net.. ..0d. 11",,,,,
1324,"Whitehead (A. N.)-An Introduction to mathe- matics. izmo., pp. 256, is. net (Home university library) .... WILLIAMS & N., June 11",Whitehead,A. N.,An Introduction to mathe- matics,WILLIAMS & N.,,0.0,,"Whitehead (A. N.)-An Introduction to mathe- matics. izmo., pp. 256, is. net (Home university library) .... WILLIAMS & N., June 11",A. N. Whitehead,['Whitehead (A. N.)'],,June 11,
